,cohort,log.sigma.4.5.mm.3D_glcm_Correlation,wavelet.wavelet.LHH_ngtdm_Coarseness,log.sigma.4.5.mm.3D_ngtdm_Coarseness,log.sigma.2.5.mm.3D_firstorder_Minimum,log.sigma.1.5.mm.3D_gldm_DependenceNonUniformity,log.sigma.5.0.mm.3D_glcm_Idn,log.sigma.2.0.mm.3D_glrlm_RunLengthNonUniformity,log.sigma.4.0.mm.3D_glcm_Idn,log.sigma.3.5.mm.3D_ngtdm_Coarseness,log.sigma.2.5.mm.3D_gldm_DependenceNonUniformityNormalized,log.sigma.4.5.mm.3D_glcm_Idmn,log.sigma.3.0.mm.3D_gldm_SmallDependenceLowGrayLevelEmphasis,wavelet.wavelet.LLL_ngtdm_Coarseness,wavelet.wavelet.LLL_gldm_SmallDependenceLowGrayLevelEmphasis,log.sigma.5.0.mm.3D_glcm_Idmn,glcm_Idmn,log.sigma.1.5.mm.3D_glszm_SizeZoneNonUniformity,wavelet.wavelet.LLH_ngtdm_Contrast,ngtdm_Coarseness,wavelet.wavelet.LLL_glszm_SizeZoneNonUniformity,log.sigma.3.0.mm.3D_gldm_DependenceNonUniformityNormalized,log.sigma.4.0.mm.3D_glcm_Idmn,glrlm_RunLengthNonUniformity,log.sigma.4.0.mm.3D_ngtdm_Coarseness,wavelet.wavelet.HLL_ngtdm_Coarseness,log.sigma.2.0.mm.3D_ngtdm_Contrast,log.sigma.2.5.mm.3D_ngtdm_Coarseness,log.sigma.0.5.mm.3D_firstorder_Energy,log.sigma.0.5.mm.3D_firstorder_TotalEnergy,wavelet.wavelet.LHL_ngtdm_Coarseness,log.sigma.0.5.mm.3D_ngtdm_Coarseness,log.sigma.2.0.mm.3D_firstorder_Minimum,log.sigma.3.0.mm.3D_ngtdm_Coarseness,log.sigma.2.0.mm.3D_ngtdm_Coarseness,log.sigma.1.5.mm.3D_ngtdm_Coarseness,wavelet.wavelet.LLH_ngtdm_Coarseness,log.sigma.5.0.mm.3D_glcm_Correlation,wavelet.wavelet.LLH_glrlm_RunLengthNonUniformity,log.sigma.3.5.mm.3D_gldm_DependenceNonUniformityNormalized,log.sigma.1.0.mm.3D_glszm_SizeZoneNonUniformity,log.sigma.1.0.mm.3D_ngtdm_Coarseness,log.sigma.1.0.mm.3D_firstorder_TotalEnergy,log.sigma.1.0.mm.3D_firstorder_Energy,log.sigma.3.5.mm.3D_glcm_Idn,log.sigma.1.5.mm.3D_glrlm_RunLengthNonUniformity,wavelet.wavelet.LLH_glcm_Idmn,wavelet.wavelet.HHL_glrlm_RunLengthNonUniformity,log.sigma.3.0.mm.3D_glcm_Idn,log.sigma.1.0.mm.3D_gldm_DependenceNonUniformity,wavelet.wavelet.LLH_firstorder_Energy,wavelet.wavelet.LLH_firstorder_TotalEnergy,wavelet.wavelet.HLH_gldm_DependenceNonUniformity,log.sigma.1.5.mm.3D_gldm_SmallDependenceLowGrayLevelEmphasis,wavelet.wavelet.LHL_glszm_GrayLevelNonUniformity,log.sigma.2.5.mm.3D_gldm_SmallDependenceLowGrayLevelEmphasis,log.sigma.2.0.mm.3D_gldm_SmallDependenceLowGrayLevelEmphasis,wavelet.wavelet.LHL_gldm_DependenceNonUniformity,log.sigma.2.5.mm.3D_glcm_Idn,wavelet.wavelet.LLH_gldm_SmallDependenceLowGrayLevelEmphasis,log.sigma.4.0.mm.3D_gldm_DependenceNonUniformityNormalized,log.sigma.2.5.mm.3D_glcm_Idmn,wavelet.wavelet.HHH_glrlm_RunLengthNonUniformity,log.sigma.2.0.mm.3D_glcm_SumAverage,log.sigma.2.0.mm.3D_glcm_JointAverage,wavelet.wavelet.HLL_gldm_DependenceNonUniformity,wavelet.wavelet.HLL_glszm_GrayLevelNonUniformity,gldm_DependenceNonUniformity,log.sigma.0.5.mm.3D_glszm_GrayLevelNonUniformity,wavelet.wavelet.LHL_glrlm_RunLengthNonUniformity,log.sigma.0.5.mm.3D_gldm_DependenceNonUniformity,wavelet.wavelet.LLL_glcm_Idn,log.sigma.2.0.mm.3D_glszm_ZoneEntropy,glszm_SizeZoneNonUniformity,log.sigma.3.5.mm.3D_glcm_Idmn,log.sigma.4.5.mm.3D_gldm_DependenceNonUniformityNormalized,wavelet.wavelet.LHH_gldm_DependenceNonUniformity,wavelet.wavelet.LHH_glrlm_RunLengthNonUniformity,log.sigma.2.5.mm.3D_glszm_ZoneEntropy,log.sigma.1.5.mm.3D_glcm_Idn,log.sigma.3.0.mm.3D_glcm_Idmn,log.sigma.1.0.mm.3D_glrlm_RunLengthNonUniformity,log.sigma.2.0.mm.3D_glcm_Idn,glszm_GrayLevelNonUniformity,wavelet.wavelet.LLH_glszm_SizeZoneNonUniformity,log.sigma.1.0.mm.3D_glszm_GrayLevelNonUniformity,log.sigma.1.5.mm.3D_glszm_GrayLevelNonUniformity,log.sigma.2.0.mm.3D_glcm_Idmn,log.sigma.5.0.mm.3D_gldm_DependenceNonUniformityNormalized,wavelet.wavelet.HLH_glszm_GrayLevelNonUniformity,wavelet.wavelet.HLH_glrlm_RunLengthNonUniformity,wavelet.wavelet.LLL_glszm_GrayLevelNonUniformity,wavelet.wavelet.LLH_glszm_GrayLevelNonUniformity,wavelet.wavelet.LLL_glcm_Idmn,log.sigma.0.5.mm.3D_glrlm_RunLengthNonUniformity,wavelet.wavelet.LLH_gldm_DependenceNonUniformity,wavelet.wavelet.HLL_glrlm_RunLengthNonUniformity,wavelet.wavelet.LHH_glszm_GrayLevelNonUniformity,wavelet.wavelet.HHH_gldm_SmallDependenceLowGrayLevelEmphasis,wavelet.wavelet.LLH_glcm_Imc2,wavelet.wavelet.LLL_glcm_Correlation
coef,1.0326614480971643,0.6165540038702948,,,,,,,,,,,,,,,,,,,,,,,,,,,,,,,,,,,,,,,,,,,,,,,,,,,,,,,,,,,,,,,,,,,,,,,,,,,,,,,,,,,,,,,,,,,,,,,,,,,
coef,0.5836577496806329,,-2.0319269153781834,,,,,,,,,,,,,,,,,,,,,,,,,,,,,,,,,,,,,,,,,,,,,,,,,,,,,,,,,,,,,,,,,,,,,,,,,,,,,,,,,,,,,,,,,,,,,,,,,,
coef,0.5981607551548686,,,-1.4303017755900467,,,,,,,,,,,,,,,,,,,,,,,,,,,,,,,,,,,,,,,,,,,,,,,,,,,,,,,,,,,,,,,,,,,,,,,,,,,,,,,,,,,,,,,,,,,,,,,,,
coef,0.8120595787348487,,,,-0.34780338644799697,,,,,,,,,,,,,,,,,,,,,,,,,,,,,,,,,,,,,,,,,,,,,,,,,,,,,,,,,,,,,,,,,,,,,,,,,,,,,,,,,,,,,,,,,,,,,,,,
coef,0.707932137859167,,,,,0.18430881784749695,,,,,,,,,,,,,,,,,,,,,,,,,,,,,,,,,,,,,,,,,,,,,,,,,,,,,,,,,,,,,,,,,,,,,,,,,,,,,,,,,,,,,,,,,,,,,,,
coef,0.6767333236904418,,,,,,0.527990364557348,,,,,,,,,,,,,,,,,,,,,,,,,,,,,,,,,,,,,,,,,,,,,,,,,,,,,,,,,,,,,,,,,,,,,,,,,,,,,,,,,,,,,,,,,,,,,,
coef,0.6854243517393082,,,,,,,0.192779432161751,,,,,,,,,,,,,,,,,,,,,,,,,,,,,,,,,,,,,,,,,,,,,,,,,,,,,,,,,,,,,,,,,,,,,,,,,,,,,,,,,,,,,,,,,,,,,
coef,0.6956968845751229,,,,,,,,0.5254571442517858,,,,,,,,,,,,,,,,,,,,,,,,,,,,,,,,,,,,,,,,,,,,,,,,,,,,,,,,,,,,,,,,,,,,,,,,,,,,,,,,,,,,,,,,,,,,
coef,0.6211754447302381,,,,,,,,,-1.9325456344779786,,,,,,,,,,,,,,,,,,,,,,,,,,,,,,,,,,,,,,,,,,,,,,,,,,,,,,,,,,,,,,,,,,,,,,,,,,,,,,,,,,,,,,,,,,,
coef,0.9001787840755137,,,,,,,,,,-0.44903667967877803,,,,,,,,,,,,,,,,,,,,,,,,,,,,,,,,,,,,,,,,,,,,,,,,,,,,,,,,,,,,,,,,,,,,,,,,,,,,,,,,,,,,,,,,,,
coef,0.6846373922909526,,,,,,,,,,,0.7462045901004112,,,,,,,,,,,,,,,,,,,,,,,,,,,,,,,,,,,,,,,,,,,,,,,,,,,,,,,,,,,,,,,,,,,,,,,,,,,,,,,,,,,,,,,,,
coef,0.6826917026688584,,,,,,,,,,,,-0.8969343110151792,,,,,,,,,,,,,,,,,,,,,,,,,,,,,,,,,,,,,,,,,,,,,,,,,,,,,,,,,,,,,,,,,,,,,,,,,,,,,,,,,,,,,,,,
coef,0.6607812433811022,,,,,,,,,,,,,-1.570214587019327,,,,,,,,,,,,,,,,,,,,,,,,,,,,,,,,,,,,,,,,,,,,,,,,,,,,,,,,,,,,,,,,,,,,,,,,,,,,,,,,,,,,,,,
coef,0.41452988460847684,,,,,,,,,,,,,,-1.0913507708926584,,,,,,,,,,,,,,,,,,,,,,,,,,,,,,,,,,,,,,,,,,,,,,,,,,,,,,,,,,,,,,,,,,,,,,,,,,,,,,,,,,,,,,
coef,0.6792498220975786,,,,,,,,,,,,,,,0.73684667254125,,,,,,,,,,,,,,,,,,,,,,,,,,,,,,,,,,,,,,,,,,,,,,,,,,,,,,,,,,,,,,,,,,,,,,,,,,,,,,,,,,,,,
coef,0.7344324740029606,,,,,,,,,,,,,,,,0.5567438440792915,,,,,,,,,,,,,,,,,,,,,,,,,,,,,,,,,,,,,,,,,,,,,,,,,,,,,,,,,,,,,,,,,,,,,,,,,,,,,,,,,,,,
coef,0.7830141945468658,,,,,,,,,,,,,,,,,0.2296521850168373,,,,,,,,,,,,,,,,,,,,,,,,,,,,,,,,,,,,,,,,,,,,,,,,,,,,,,,,,,,,,,,,,,,,,,,,,,,,,,,,,,,
coef,0.7348649131054932,,,,,,,,,,,,,,,,,,-0.8358996201366394,,,,,,,,,,,,,,,,,,,,,,,,,,,,,,,,,,,,,,,,,,,,,,,,,,,,,,,,,,,,,,,,,,,,,,,,,,,,,,,,,,
coef,0.7561233248024877,,,,,,,,,,,,,,,,,,,-1.6241096185353545,,,,,,,,,,,,,,,,,,,,,,,,,,,,,,,,,,,,,,,,,,,,,,,,,,,,,,,,,,,,,,,,,,,,,,,,,,,,,,,,,
coef,0.6594844026366973,,,,,,,,,,,,,,,,,,,,0.22693665068320878,,,,,,,,,,,,,,,,,,,,,,,,,,,,,,,,,,,,,,,,,,,,,,,,,,,,,,,,,,,,,,,,,,,,,,,,,,,,,,,,
coef,0.9657844548848026,,,,,,,,,,,,,,,,,,,,,-0.5111960776351313,,,,,,,,,,,,,,,,,,,,,,,,,,,,,,,,,,,,,,,,,,,,,,,,,,,,,,,,,,,,,,,,,,,,,,,,,,,,,,,
coef,0.7030380043764732,,,,,,,,,,,,,,,,,,,,,,0.7337522779424172,,,,,,,,,,,,,,,,,,,,,,,,,,,,,,,,,,,,,,,,,,,,,,,,,,,,,,,,,,,,,,,,,,,,,,,,,,,,,,
coef,0.709920627472718,,,,,,,,,,,,,,,,,,,,,,,0.18787962226290278,,,,,,,,,,,,,,,,,,,,,,,,,,,,,,,,,,,,,,,,,,,,,,,,,,,,,,,,,,,,,,,,,,,,,,,,,,,,,
coef,0.6061438741784677,,,,,,,,,,,,,,,,,,,,,,,,-1.555717687745707,,,,,,,,,,,,,,,,,,,,,,,,,,,,,,,,,,,,,,,,,,,,,,,,,,,,,,,,,,,,,,,,,,,,,,,,,,,,
coef,0.6666445835639316,,,,,,,,,,,,,,,,,,,,,,,,,-1.7899828141967133,,,,,,,,,,,,,,,,,,,,,,,,,,,,,,,,,,,,,,,,,,,,,,,,,,,,,,,,,,,,,,,,,,,,,,,,,,,
coef,0.945418691163384,,,,,,,,,,,,,,,,,,,,,,,,,,-0.5525097351819416,,,,,,,,,,,,,,,,,,,,,,,,,,,,,,,,,,,,,,,,,,,,,,,,,,,,,,,,,,,,,,,,,,,,,,,,,,
coef,0.7020342703570758,,,,,,,,,,,,,,,,,,,,,,,,,,,-1.8814087983164947,,,,,,,,,,,,,,,,,,,,,,,,,,,,,,,,,,,,,,,,,,,,,,,,,,,,,,,,,,,,,,,,,,,,,,,,,
coef,0.8519535722401035,,,,,,,,,,,,,,,,,,,,,,,,,,,,0.19586988069427638,,,,,,,,,,,,,,,,,,,,,,,,,,,,,,,,,,,,,,,,,,,,,,,,,,,,,,,,,,,,,,,,,,,,,,,,
coef,0.8519535722242696,,,,,,,,,,,,,,,,,,,,,,,,,,,,,0.1958698806770749,,,,,,,,,,,,,,,,,,,,,,,,,,,,,,,,,,,,,,,,,,,,,,,,,,,,,,,,,,,,,,,,,,,,,,,
coef,0.6617141430101878,,,,,,,,,,,,,,,,,,,,,,,,,,,,,,-1.800551329847352,,,,,,,,,,,,,,,,,,,,,,,,,,,,,,,,,,,,,,,,,,,,,,,,,,,,,,,,,,,,,,,,,,,,,,
coef,0.6737247118764539,,,,,,,,,,,,,,,,,,,,,,,,,,,,,,,-1.8479654338267706,,,,,,,,,,,,,,,,,,,,,,,,,,,,,,,,,,,,,,,,,,,,,,,,,,,,,,,,,,,,,,,,,,,,,
coef,1.090122627173446,,,,,,,,,,,,,,,,,,,,,,,,,,,,,,,,-0.45282202427514257,,,,,,,,,,,,,,,,,,,,,,,,,,,,,,,,,,,,,,,,,,,,,,,,,,,,,,,,,,,,,,,,,,,,
coef,0.6495961104486263,,,,,,,,,,,,,,,,,,,,,,,,,,,,,,,,,-1.9121991586635734,,,,,,,,,,,,,,,,,,,,,,,,,,,,,,,,,,,,,,,,,,,,,,,,,,,,,,,,,,,,,,,,,,,
coef,0.7299892636891128,,,,,,,,,,,,,,,,,,,,,,,,,,,,,,,,,,-1.8191037727328032,,,,,,,,,,,,,,,,,,,,,,,,,,,,,,,,,,,,,,,,,,,,,,,,,,,,,,,,,,,,,,,,,,
coef,0.7383738952315717,,,,,,,,,,,,,,,,,,,,,,,,,,,,,,,,,,,-1.8397947080987203,,,,,,,,,,,,,,,,,,,,,,,,,,,,,,,,,,,,,,,,,,,,,,,,,,,,,,,,,,,,,,,,,
coef,0.6848351153355057,,,,,,,,,,,,,,,,,,,,,,,,,,,,,,,,,,,,-1.8508296821978945,,,,,,,,,,,,,,,,,,,,,,,,,,,,,,,,,,,,,,,,,,,,,,,,,,,,,,,,,,,,,,,,
coef,1.055422623124972,,,,,,,,,,,,,,,,,,,,,,,,,,,,,,,,,,,,,0.6859231699488944,,,,,,,,,,,,,,,,,,,,,,,,,,,,,,,,,,,,,,,,,,,,,,,,,,,,,,,,,,,,,,,
coef,0.7065549784830049,,,,,,,,,,,,,,,,,,,,,,,,,,,,,,,,,,,,,,0.19005185475230071,,,,,,,,,,,,,,,,,,,,,,,,,,,,,,,,,,,,,,,,,,,,,,,,,,,,,,,,,,,,,,
coef,0.9865079207095839,,,,,,,,,,,,,,,,,,,,,,,,,,,,,,,,,,,,,,,-0.5390040848997079,,,,,,,,,,,,,,,,,,,,,,,,,,,,,,,,,,,,,,,,,,,,,,,,,,,,,,,,,,,,,
coef,0.8477382449265596,,,,,,,,,,,,,,,,,,,,,,,,,,,,,,,,,,,,,,,,0.2202808252062805,,,,,,,,,,,,,,,,,,,,,,,,,,,,,,,,,,,,,,,,,,,,,,,,,,,,,,,,,,,,
coef,0.7297701783935098,,,,,,,,,,,,,,,,,,,,,,,,,,,,,,,,,,,,,,,,,-1.8210487870682068,,,,,,,,,,,,,,,,,,,,,,,,,,,,,,,,,,,,,,,,,,,,,,,,,,,,,,,,,,,
coef,0.7124881221326769,,,,,,,,,,,,,,,,,,,,,,,,,,,,,,,,,,,,,,,,,,0.23712971307101702,,,,,,,,,,,,,,,,,,,,,,,,,,,,,,,,,,,,,,,,,,,,,,,,,,,,,,,,,,
coef,0.7124881221074374,,,,,,,,,,,,,,,,,,,,,,,,,,,,,,,,,,,,,,,,,,,0.23712971310367598,,,,,,,,,,,,,,,,,,,,,,,,,,,,,,,,,,,,,,,,,,,,,,,,,,,,,,,,,
coef,0.6876641180450233,,,,,,,,,,,,,,,,,,,,,,,,,,,,,,,,,,,,,,,,,,,,0.5383870586595637,,,,,,,,,,,,,,,,,,,,,,,,,,,,,,,,,,,,,,,,,,,,,,,,,,,,,,,,
coef,0.7080068289968194,,,,,,,,,,,,,,,,,,,,,,,,,,,,,,,,,,,,,,,,,,,,,0.18519903308160685,,,,,,,,,,,,,,,,,,,,,,,,,,,,,,,,,,,,,,,,,,,,,,,,,,,,,,,
coef,0.8584510172627609,,,,,,,,,,,,,,,,,,,,,,,,,,,,,,,,,,,,,,,,,,,,,,0.6385594078547396,,,,,,,,,,,,,,,,,,,,,,,,,,,,,,,,,,,,,,,,,,,,,,,,,,,,,,
coef,0.8134082421639486,,,,,,,,,,,,,,,,,,,,,,,,,,,,,,,,,,,,,,,,,,,,,,,0.13778597162798548,,,,,,,,,,,,,,,,,,,,,,,,,,,,,,,,,,,,,,,,,,,,,,,,,,,,,
coef,0.7137071875304097,,,,,,,,,,,,,,,,,,,,,,,,,,,,,,,,,,,,,,,,,,,,,,,,0.5148464897720562,,,,,,,,,,,,,,,,,,,,,,,,,,,,,,,,,,,,,,,,,,,,,,,,,,,,
coef,0.7291816498663548,,,,,,,,,,,,,,,,,,,,,,,,,,,,,,,,,,,,,,,,,,,,,,,,,0.1811478080203446,,,,,,,,,,,,,,,,,,,,,,,,,,,,,,,,,,,,,,,,,,,,,,,,,,,
coef,0.778045341413605,,,,,,,,,,,,,,,,,,,,,,,,,,,,,,,,,,,,,,,,,,,,,,,,,,0.19330859295034003,,,,,,,,,,,,,,,,,,,,,,,,,,,,,,,,,,,,,,,,,,,,,,,,,,
coef,0.7780453414100651,,,,,,,,,,,,,,,,,,,,,,,,,,,,,,,,,,,,,,,,,,,,,,,,,,,0.19330859295918515,,,,,,,,,,,,,,,,,,,,,,,,,,,,,,,,,,,,,,,,,,,,,,,,,
coef,0.7843504183313033,,,,,,,,,,,,,,,,,,,,,,,,,,,,,,,,,,,,,,,,,,,,,,,,,,,,0.16223857837083402,,,,,,,,,,,,,,,,,,,,,,,,,,,,,,,,,,,,,,,,,,,,,,,,
coef,0.7876645129430989,,,,,,,,,,,,,,,,,,,,,,,,,,,,,,,,,,,,,,,,,,,,,,,,,,,,,-1.3615671326835996,,,,,,,,,,,,,,,,,,,,,,,,,,,,,,,,,,,,,,,,,,,,,,,
coef,0.8108081743616332,,,,,,,,,,,,,,,,,,,,,,,,,,,,,,,,,,,,,,,,,,,,,,,,,,,,,,0.1406164212327437,,,,,,,,,,,,,,,,,,,,,,,,,,,,,,,,,,,,,,,,,,,,,,
coef,0.709400904192487,,,,,,,,,,,,,,,,,,,,,,,,,,,,,,,,,,,,,,,,,,,,,,,,,,,,,,,-0.8905386578432921,,,,,,,,,,,,,,,,,,,,,,,,,,,,,,,,,,,,,,,,,,,,,
coef,0.7939892287899943,,,,,,,,,,,,,,,,,,,,,,,,,,,,,,,,,,,,,,,,,,,,,,,,,,,,,,,,-0.9623993991747818,,,,,,,,,,,,,,,,,,,,,,,,,,,,,,,,,,,,,,,,,,,,
coef,0.7824993058303495,,,,,,,,,,,,,,,,,,,,,,,,,,,,,,,,,,,,,,,,,,,,,,,,,,,,,,,,,0.15532475632070966,,,,,,,,,,,,,,,,,,,,,,,,,,,,,,,,,,,,,,,,,,,
coef,0.6972832471693017,,,,,,,,,,,,,,,,,,,,,,,,,,,,,,,,,,,,,,,,,,,,,,,,,,,,,,,,,,0.5398182032676664,,,,,,,,,,,,,,,,,,,,,,,,,,,,,,,,,,,,,,,,,,
coef,0.911728478977781,,,,,,,,,,,,,,,,,,,,,,,,,,,,,,,,,,,,,,,,,,,,,,,,,,,,,,,,,,,-0.9895169948427947,,,,,,,,,,,,,,,,,,,,,,,,,,,,,,,,,,,,,,,,,
coef,0.9739277798730774,,,,,,,,,,,,,,,,,,,,,,,,,,,,,,,,,,,,,,,,,,,,,,,,,,,,,,,,,,,,-0.5407338854820526,,,,,,,,,,,,,,,,,,,,,,,,,,,,,,,,,,,,,,,,
coef,0.6864014196952358,,,,,,,,,,,,,,,,,,,,,,,,,,,,,,,,,,,,,,,,,,,,,,,,,,,,,,,,,,,,,0.6770789007089217,,,,,,,,,,,,,,,,,,,,,,,,,,,,,,,,,,,,,,,
coef,0.8101247003053081,,,,,,,,,,,,,,,,,,,,,,,,,,,,,,,,,,,,,,,,,,,,,,,,,,,,,,,,,,,,,,0.14185895607241147,,,,,,,,,,,,,,,,,,,,,,,,,,,,,,,,,,,,,,
coef,0.9888715890454688,,,,,,,,,,,,,,,,,,,,,,,,,,,,,,,,,,,,,,,,,,,,,,,,,,,,,,,,,,,,,,,0.42645649566084776,,,,,,,,,,,,,,,,,,,,,,,,,,,,,,,,,,,,,
coef,0.988871589006929,,,,,,,,,,,,,,,,,,,,,,,,,,,,,,,,,,,,,,,,,,,,,,,,,,,,,,,,,,,,,,,,0.4264564957382758,,,,,,,,,,,,,,,,,,,,,,,,,,,,,,,,,,,,
coef,0.7708890832512453,,,,,,,,,,,,,,,,,,,,,,,,,,,,,,,,,,,,,,,,,,,,,,,,,,,,,,,,,,,,,,,,,0.17190312677172412,,,,,,,,,,,,,,,,,,,,,,,,,,,,,,,,,,,
coef,0.7982423254346527,,,,,,,,,,,,,,,,,,,,,,,,,,,,,,,,,,,,,,,,,,,,,,,,,,,,,,,,,,,,,,,,,,0.15471530620739962,,,,,,,,,,,,,,,,,,,,,,,,,,,,,,,,,,
coef,0.7462979209766271,,,,,,,,,,,,,,,,,,,,,,,,,,,,,,,,,,,,,,,,,,,,,,,,,,,,,,,,,,,,,,,,,,,0.17420479457770033,,,,,,,,,,,,,,,,,,,,,,,,,,,,,,,,,
coef,0.8012057003546944,,,,,,,,,,,,,,,,,,,,,,,,,,,,,,,,,,,,,,,,,,,,,,,,,,,,,,,,,,,,,,,,,,,,0.15240295829507355,,,,,,,,,,,,,,,,,,,,,,,,,,,,,,,,
coef,0.7799450510590749,,,,,,,,,,,,,,,,,,,,,,,,,,,,,,,,,,,,,,,,,,,,,,,,,,,,,,,,,,,,,,,,,,,,,0.15637454362468478,,,,,,,,,,,,,,,,,,,,,,,,,,,,,,,
coef,0.763795817827662,,,,,,,,,,,,,,,,,,,,,,,,,,,,,,,,,,,,,,,,,,,,,,,,,,,,,,,,,,,,,,,,,,,,,,0.1739563071524823,,,,,,,,,,,,,,,,,,,,,,,,,,,,,,
coef,0.649416407860251,,,,,,,,,,,,,,,,,,,,,,,,,,,,,,,,,,,,,,,,,,,,,,,,,,,,,,,,,,,,,,,,,,,,,,,0.5857744786734694,,,,,,,,,,,,,,,,,,,,,,,,,,,,,
coef,0.49192496388905804,,,,,,,,,,,,,,,,,,,,,,,,,,,,,,,,,,,,,,,,,,,,,,,,,,,,,,,,,,,,,,,,,,,,,,,,0.7369764068764906,,,,,,,,,,,,,,,,,,,,,,,,,,,,
coef,0.8154129973785275,,,,,,,,,,,,,,,,,,,,,,,,,,,,,,,,,,,,,,,,,,,,,,,,,,,,,,,,,,,,,,,,,,,,,,,,,0.15764863630172868,,,,,,,,,,,,,,,,,,,,,,,,,,,
coef,0.6957004048826352,,,,,,,,,,,,,,,,,,,,,,,,,,,,,,,,,,,,,,,,,,,,,,,,,,,,,,,,,,,,,,,,,,,,,,,,,,0.7217994919776506,,,,,,,,,,,,,,,,,,,,,,,,,,
coef,0.983650299520905,,,,,,,,,,,,,,,,,,,,,,,,,,,,,,,,,,,,,,,,,,,,,,,,,,,,,,,,,,,,,,,,,,,,,,,,,,,-0.5806627923409047,,,,,,,,,,,,,,,,,,,,,,,,,
coef,0.7844600591819992,,,,,,,,,,,,,,,,,,,,,,,,,,,,,,,,,,,,,,,,,,,,,,,,,,,,,,,,,,,,,,,,,,,,,,,,,,,,0.16225741299343885,,,,,,,,,,,,,,,,,,,,,,,,
coef,0.8081518445872651,,,,,,,,,,,,,,,,,,,,,,,,,,,,,,,,,,,,,,,,,,,,,,,,,,,,,,,,,,,,,,,,,,,,,,,,,,,,,0.14486346467188138,,,,,,,,,,,,,,,,,,,,,,,
coef,0.5147911786010909,,,,,,,,,,,,,,,,,,,,,,,,,,,,,,,,,,,,,,,,,,,,,,,,,,,,,,,,,,,,,,,,,,,,,,,,,,,,,,0.7789122258051792,,,,,,,,,,,,,,,,,,,,,,
coef,0.5768972737094406,,,,,,,,,,,,,,,,,,,,,,,,,,,,,,,,,,,,,,,,,,,,,,,,,,,,,,,,,,,,,,,,,,,,,,,,,,,,,,,0.6232099243211892,,,,,,,,,,,,,,,,,,,,,
coef,0.7149133602496281,,,,,,,,,,,,,,,,,,,,,,,,,,,,,,,,,,,,,,,,,,,,,,,,,,,,,,,,,,,,,,,,,,,,,,,,,,,,,,,,0.6543088007586308,,,,,,,,,,,,,,,,,,,,
coef,0.7327072557219079,,,,,,,,,,,,,,,,,,,,,,,,,,,,,,,,,,,,,,,,,,,,,,,,,,,,,,,,,,,,,,,,,,,,,,,,,,,,,,,,,0.1789089423927648,,,,,,,,,,,,,,,,,,,
coef,0.6490494296502708,,,,,,,,,,,,,,,,,,,,,,,,,,,,,,,,,,,,,,,,,,,,,,,,,,,,,,,,,,,,,,,,,,,,,,,,,,,,,,,,,,0.6109929019188278,,,,,,,,,,,,,,,,,,
coef,0.8143226151938618,,,,,,,,,,,,,,,,,,,,,,,,,,,,,,,,,,,,,,,,,,,,,,,,,,,,,,,,,,,,,,,,,,,,,,,,,,,,,,,,,,,0.15660678438422715,,,,,,,,,,,,,,,,,
coef,0.8183798699401126,,,,,,,,,,,,,,,,,,,,,,,,,,,,,,,,,,,,,,,,,,,,,,,,,,,,,,,,,,,,,,,,,,,,,,,,,,,,,,,,,,,,0.16258010635087883,,,,,,,,,,,,,,,,
coef,0.7934541872729207,,,,,,,,,,,,,,,,,,,,,,,,,,,,,,,,,,,,,,,,,,,,,,,,,,,,,,,,,,,,,,,,,,,,,,,,,,,,,,,,,,,,,0.16682867970324564,,,,,,,,,,,,,,,
coef,0.7460035183707002,,,,,,,,,,,,,,,,,,,,,,,,,,,,,,,,,,,,,,,,,,,,,,,,,,,,,,,,,,,,,,,,,,,,,,,,,,,,,,,,,,,,,,0.1925931032502761,,,,,,,,,,,,,,
coef,0.6297311134111049,,,,,,,,,,,,,,,,,,,,,,,,,,,,,,,,,,,,,,,,,,,,,,,,,,,,,,,,,,,,,,,,,,,,,,,,,,,,,,,,,,,,,,,0.7817218876442674,,,,,,,,,,,,,
coef,1.0050978035229972,,,,,,,,,,,,,,,,,,,,,,,,,,,,,,,,,,,,,,,,,,,,,,,,,,,,,,,,,,,,,,,,,,,,,,,,,,,,,,,,,,,,,,,,-0.6146743279563602,,,,,,,,,,,,
coef,0.7926312628129801,,,,,,,,,,,,,,,,,,,,,,,,,,,,,,,,,,,,,,,,,,,,,,,,,,,,,,,,,,,,,,,,,,,,,,,,,,,,,,,,,,,,,,,,,0.1726180790514985,,,,,,,,,,,
coef,0.7985050112332053,,,,,,,,,,,,,,,,,,,,,,,,,,,,,,,,,,,,,,,,,,,,,,,,,,,,,,,,,,,,,,,,,,,,,,,,,,,,,,,,,,,,,,,,,,0.15829241572460181,,,,,,,,,,
coef,0.7521198946267961,,,,,,,,,,,,,,,,,,,,,,,,,,,,,,,,,,,,,,,,,,,,,,,,,,,,,,,,,,,,,,,,,,,,,,,,,,,,,,,,,,,,,,,,,,,0.18636698038084257,,,,,,,,,
coef,0.7860932217759262,,,,,,,,,,,,,,,,,,,,,,,,,,,,,,,,,,,,,,,,,,,,,,,,,,,,,,,,,,,,,,,,,,,,,,,,,,,,,,,,,,,,,,,,,,,,0.15878620086518053,,,,,,,,
coef,0.8201424149216271,,,,,,,,,,,,,,,,,,,,,,,,,,,,,,,,,,,,,,,,,,,,,,,,,,,,,,,,,,,,,,,,,,,,,,,,,,,,,,,,,,,,,,,,,,,,,0.7622624104569328,,,,,,,
coef,0.7768627806579792,,,,,,,,,,,,,,,,,,,,,,,,,,,,,,,,,,,,,,,,,,,,,,,,,,,,,,,,,,,,,,,,,,,,,,,,,,,,,,,,,,,,,,,,,,,,,,0.16759180834114307,,,,,,
coef,0.7676384653321593,,,,,,,,,,,,,,,,,,,,,,,,,,,,,,,,,,,,,,,,,,,,,,,,,,,,,,,,,,,,,,,,,,,,,,,,,,,,,,,,,,,,,,,,,,,,,,,0.17018239789663417,,,,,
coef,0.7579395451952781,,,,,,,,,,,,,,,,,,,,,,,,,,,,,,,,,,,,,,,,,,,,,,,,,,,,,,,,,,,,,,,,,,,,,,,,,,,,,,,,,,,,,,,,,,,,,,,,0.1803837075027915,,,,
coef,0.799327193356231,,,,,,,,,,,,,,,,,,,,,,,,,,,,,,,,,,,,,,,,,,,,,,,,,,,,,,,,,,,,,,,,,,,,,,,,,,,,,,,,,,,,,,,,,,,,,,,,,0.17474768064408086,,,
coef,0.8167392517616278,,,,,,,,,,,,,,,,,,,,,,,,,,,,,,,,,,,,,,,,,,,,,,,,,,,,,,,,,,,,,,,,,,,,,,,,,,,,,,,,,,,,,,,,,,,,,,,,,,-0.6585011790241453,,
coef,0.40633810134790843,,,,,,,,,,,,,,,,,,,,,,,,,,,,,,,,,,,,,,,,,,,,,,,,,,,,,,,,,,,,,,,,,,,,,,,,,,,,,,,,,,,,,,,,,,,,,,,,,,,-0.7157285441459409,
coef,0.5515347666500132,,,,,,,,,,,,,,,,,,,,,,,,,,,,,,,,,,,,,,,,,,,,,,,,,,,,,,,,,,,,,,,,,,,,,,,,,,,,,,,,,,,,,,,,,,,,,,,,,,,,0.6839134032569103
