,cohort,figo2018,log.sigma.3.0.mm.3D_glszm_LargeAreaHighGrayLevelEmphasis,log.sigma.3.5.mm.3D_glszm_ZoneEntropy,wavelet.wavelet.HHH_gldm_DependenceNonUniformity,log.sigma.3.5.mm.3D_gldm_GrayLevelNonUniformity,log.sigma.4.0.mm.3D_glszm_LargeAreaHighGrayLevelEmphasis,gldm_GrayLevelNonUniformity,log.sigma.2.5.mm.3D_gldm_SmallDependenceLowGrayLevelEmphasis,firstorder_Range,log.sigma.4.0.mm.3D_gldm_GrayLevelNonUniformity,log.sigma.5.0.mm.3D_glszm_LargeAreaHighGrayLevelEmphasis,log.sigma.3.0.mm.3D_glszm_ZoneEntropy,log.sigma.1.0.mm.3D_glrlm_GrayLevelNonUniformity,wavelet.wavelet.LHH_ngtdm_Strength,log.sigma.4.5.mm.3D_glszm_LargeAreaHighGrayLevelEmphasis,log.sigma.3.5.mm.3D_glszm_LargeAreaHighGrayLevelEmphasis,log.sigma.4.5.mm.3D_gldm_GrayLevelNonUniformity,log.sigma.4.0.mm.3D_glrlm_RunLengthNonUniformity,log.sigma.5.0.mm.3D_gldm_DependenceNonUniformity,log.sigma.5.0.mm.3D_gldm_GrayLevelNonUniformity,log.sigma.2.0.mm.3D_glcm_Idn,wavelet.wavelet.HLL_gldm_DependenceEntropy,log.sigma.2.0.mm.3D_glcm_Idmn,wavelet.wavelet.LLL_gldm_GrayLevelNonUniformity,log.sigma.1.5.mm.3D_glrlm_GrayLevelNonUniformity,log.sigma.4.5.mm.3D_gldm_DependenceNonUniformity,log.sigma.3.5.mm.3D_glrlm_RunLengthNonUniformity,log.sigma.4.0.mm.3D_gldm_DependenceNonUniformity,wavelet.wavelet.LLL_glrlm_GrayLevelNonUniformity,wavelet.wavelet.HHL_gldm_DependenceNonUniformity,log.sigma.2.0.mm.3D_glrlm_GrayLevelNonUniformity,glrlm_GrayLevelNonUniformity,log.sigma.3.5.mm.3D_gldm_DependenceNonUniformity,log.sigma.2.5.mm.3D_glrlm_GrayLevelNonUniformity,log.sigma.3.0.mm.3D_glrlm_GrayLevelNonUniformity,log.sigma.2.5.mm.3D_glcm_SumAverage,log.sigma.2.5.mm.3D_glcm_JointAverage,log.sigma.3.5.mm.3D_glrlm_GrayLevelNonUniformity,log.sigma.2.0.mm.3D_firstorder_Range,log.sigma.4.0.mm.3D_glrlm_GrayLevelNonUniformity,log.sigma.3.0.mm.3D_gldm_DependenceNonUniformity,log.sigma.3.0.mm.3D_glrlm_RunLengthNonUniformity,log.sigma.4.5.mm.3D_glrlm_GrayLevelNonUniformity,log.sigma.5.0.mm.3D_glrlm_GrayLevelNonUniformity,log.sigma.0.5.mm.3D_firstorder_Energy,log.sigma.0.5.mm.3D_firstorder_TotalEnergy,log.sigma.1.5.mm.3D_glcm_Idn,wavelet.wavelet.LLL_glrlm_RunLengthNonUniformity,log.sigma.1.5.mm.3D_firstorder_Range,log.sigma.1.0.mm.3D_glszm_SizeZoneNonUniformity,log.sigma.2.5.mm.3D_gldm_DependenceNonUniformity,wavelet.wavelet.LHL_glszm_GrayLevelNonUniformity,wavelet.wavelet.HHL_glrlm_RunLengthNonUniformity,wavelet.wavelet.HLH_gldm_DependenceNonUniformity,log.sigma.2.0.mm.3D_gldm_DependenceNonUniformity,wavelet.wavelet.HHH_glrlm_RunLengthNonUniformity,log.sigma.2.5.mm.3D_glrlm_RunLengthNonUniformity,wavelet.wavelet.LHL_gldm_DependenceNonUniformity,log.sigma.2.0.mm.3D_glszm_GrayLevelNonUniformity,log.sigma.1.5.mm.3D_glszm_SizeZoneNonUniformity,wavelet.wavelet.LHH_gldm_DependenceNonUniformity,log.sigma.2.5.mm.3D_firstorder_Minimum,wavelet.wavelet.HHH_gldm_SmallDependenceLowGrayLevelEmphasis,log.sigma.2.0.mm.3D_firstorder_Minimum,log.sigma.0.5.mm.3D_glszm_GrayLevelNonUniformity,wavelet.wavelet.LLL_gldm_DependenceNonUniformity,log.sigma.1.5.mm.3D_gldm_DependenceNonUniformity,wavelet.wavelet.LHH_glrlm_RunLengthNonUniformity,glszm_GrayLevelNonUniformity,wavelet.wavelet.HLL_glszm_GrayLevelNonUniformity,glrlm_RunLengthNonUniformity,wavelet.wavelet.LLH_firstorder_Energy,wavelet.wavelet.LLH_firstorder_TotalEnergy,glszm_SizeZoneNonUniformity,log.sigma.0.5.mm.3D_gldm_DependenceNonUniformity,wavelet.wavelet.HLL_gldm_DependenceNonUniformity,wavelet.wavelet.LHL_glrlm_RunLengthNonUniformity,log.sigma.2.0.mm.3D_glrlm_RunLengthNonUniformity,wavelet.wavelet.LLH_glrlm_RunLengthNonUniformity,log.sigma.1.0.mm.3D_glszm_GrayLevelNonUniformity,wavelet.wavelet.LLH_glszm_SizeZoneNonUniformity,log.sigma.1.0.mm.3D_gldm_DependenceNonUniformity,gldm_DependenceNonUniformity,wavelet.wavelet.LLL_glszm_GrayLevelNonUniformity,log.sigma.1.0.mm.3D_firstorder_TotalEnergy,log.sigma.1.0.mm.3D_firstorder_Energy,log.sigma.2.0.mm.3D_glcm_SumAverage,log.sigma.2.0.mm.3D_glcm_JointAverage,log.sigma.1.5.mm.3D_glrlm_RunLengthNonUniformity,wavelet.wavelet.LLL_glszm_SizeZoneNonUniformity,wavelet.wavelet.HLH_glszm_GrayLevelNonUniformity,wavelet.wavelet.LHH_glszm_GrayLevelNonUniformity,wavelet.wavelet.HLH_glrlm_RunLengthNonUniformity,wavelet.wavelet.LLH_glszm_GrayLevelNonUniformity,log.sigma.1.5.mm.3D_glszm_GrayLevelNonUniformity,log.sigma.1.0.mm.3D_glrlm_RunLengthNonUniformity,log.sigma.0.5.mm.3D_glrlm_RunLengthNonUniformity,wavelet.wavelet.LLH_gldm_DependenceNonUniformity,wavelet.wavelet.HLL_glrlm_RunLengthNonUniformity,wavelet.wavelet.LLH_glcm_Imc2,wavelet.wavelet.LLL_glcm_Correlation
coef,1.1026226823128946,1.2282902408832046,0.06136389822143463,,,,,,,,,,,,,,,,,,,,,,,,,,,,,,,,,,,,,,,,,,,,,,,,,,,,,,,,,,,,,,,,,,,,,,,,,,,,,,,,,,,,,,,,,,,,,,,,,,,
coef,0.4522617626378572,0.9679736542885768,,0.7771482086388538,,,,,,,,,,,,,,,,,,,,,,,,,,,,,,,,,,,,,,,,,,,,,,,,,,,,,,,,,,,,,,,,,,,,,,,,,,,,,,,,,,,,,,,,,,,,,,,,,,
coef,0.9482369465738371,1.1086621302627615,,,0.16282349423673248,,,,,,,,,,,,,,,,,,,,,,,,,,,,,,,,,,,,,,,,,,,,,,,,,,,,,,,,,,,,,,,,,,,,,,,,,,,,,,,,,,,,,,,,,,,,,,,,,
coef,1.0637409537296953,1.184169992421844,,,,0.09430724407007787,,,,,,,,,,,,,,,,,,,,,,,,,,,,,,,,,,,,,,,,,,,,,,,,,,,,,,,,,,,,,,,,,,,,,,,,,,,,,,,,,,,,,,,,,,,,,,,,
coef,1.1067463380774387,1.2330943625923845,,,,,0.058200995228325336,,,,,,,,,,,,,,,,,,,,,,,,,,,,,,,,,,,,,,,,,,,,,,,,,,,,,,,,,,,,,,,,,,,,,,,,,,,,,,,,,,,,,,,,,,,,,,,
coef,1.0175807248413875,1.1509027240633598,,,,,,0.11541838619173848,,,,,,,,,,,,,,,,,,,,,,,,,,,,,,,,,,,,,,,,,,,,,,,,,,,,,,,,,,,,,,,,,,,,,,,,,,,,,,,,,,,,,,,,,,,,,,
coef,0.9383468696631824,0.8923269348451789,,,,,,,-0.694362055485379,,,,,,,,,,,,,,,,,,,,,,,,,,,,,,,,,,,,,,,,,,,,,,,,,,,,,,,,,,,,,,,,,,,,,,,,,,,,,,,,,,,,,,,,,,,,,
coef,1.165661095770661,1.2699654360748833,,,,,,,,0.2522330314068129,,,,,,,,,,,,,,,,,,,,,,,,,,,,,,,,,,,,,,,,,,,,,,,,,,,,,,,,,,,,,,,,,,,,,,,,,,,,,,,,,,,,,,,,,,,,
coef,1.0648694962813507,1.1860991158915677,,,,,,,,,0.09273175049484804,,,,,,,,,,,,,,,,,,,,,,,,,,,,,,,,,,,,,,,,,,,,,,,,,,,,,,,,,,,,,,,,,,,,,,,,,,,,,,,,,,,,,,,,,,,
coef,1.1097495256669636,1.2379884037825737,,,,,,,,,,0.05297714600003923,,,,,,,,,,,,,,,,,,,,,,,,,,,,,,,,,,,,,,,,,,,,,,,,,,,,,,,,,,,,,,,,,,,,,,,,,,,,,,,,,,,,,,,,,,
coef,0.6848478044185247,0.8912679033985862,,,,,,,,,,,0.6743498966888887,,,,,,,,,,,,,,,,,,,,,,,,,,,,,,,,,,,,,,,,,,,,,,,,,,,,,,,,,,,,,,,,,,,,,,,,,,,,,,,,,,,,,,,,,
coef,1.0028644110629248,1.149066409813011,,,,,,,,,,,,0.12143396450177193,,,,,,,,,,,,,,,,,,,,,,,,,,,,,,,,,,,,,,,,,,,,,,,,,,,,,,,,,,,,,,,,,,,,,,,,,,,,,,,,,,,,,,,,
coef,0.4481372101967287,1.0709357892117435,,,,,,,,,,,,,-1.6647496520149463,,,,,,,,,,,,,,,,,,,,,,,,,,,,,,,,,,,,,,,,,,,,,,,,,,,,,,,,,,,,,,,,,,,,,,,,,,,,,,,,,,,,,,,
coef,1.1045009915703463,1.2325855834026214,,,,,,,,,,,,,,0.05883428488833259,,,,,,,,,,,,,,,,,,,,,,,,,,,,,,,,,,,,,,,,,,,,,,,,,,,,,,,,,,,,,,,,,,,,,,,,,,,,,,,,,,,,,,
coef,1.104843252500186,1.2307808297476261,,,,,,,,,,,,,,,0.05999700985272584,,,,,,,,,,,,,,,,,,,,,,,,,,,,,,,,,,,,,,,,,,,,,,,,,,,,,,,,,,,,,,,,,,,,,,,,,,,,,,,,,,,,,
coef,1.063177382536256,1.1857271301395502,,,,,,,,,,,,,,,,0.09320123566647216,,,,,,,,,,,,,,,,,,,,,,,,,,,,,,,,,,,,,,,,,,,,,,,,,,,,,,,,,,,,,,,,,,,,,,,,,,,,,,,,,,,,
coef,0.9033889173920427,1.1179754657583307,,,,,,,,,,,,,,,,,0.17056470049786185,,,,,,,,,,,,,,,,,,,,,,,,,,,,,,,,,,,,,,,,,,,,,,,,,,,,,,,,,,,,,,,,,,,,,,,,,,,,,,,,,,,
coef,0.9442211420687029,1.134731461725334,,,,,,,,,,,,,,,,,,0.15374849364465606,,,,,,,,,,,,,,,,,,,,,,,,,,,,,,,,,,,,,,,,,,,,,,,,,,,,,,,,,,,,,,,,,,,,,,,,,,,,,,,,,,
coef,1.0603713538725579,1.1842974858638753,,,,,,,,,,,,,,,,,,,0.09456956384187637,,,,,,,,,,,,,,,,,,,,,,,,,,,,,,,,,,,,,,,,,,,,,,,,,,,,,,,,,,,,,,,,,,,,,,,,,,,,,,,,,
coef,0.862471683494155,0.8277014380018755,,,,,,,,,,,,,,,,,,,,0.46011080931019765,,,,,,,,,,,,,,,,,,,,,,,,,,,,,,,,,,,,,,,,,,,,,,,,,,,,,,,,,,,,,,,,,,,,,,,,,,,,,,,,
coef,1.2152363030177902,1.2976554923468644,,,,,,,,,,,,,,,,,,,,,0.29237205590169496,,,,,,,,,,,,,,,,,,,,,,,,,,,,,,,,,,,,,,,,,,,,,,,,,,,,,,,,,,,,,,,,,,,,,,,,,,,,,,,
coef,0.8359168973993882,0.7843530611860963,,,,,,,,,,,,,,,,,,,,,,0.6212354349715032,,,,,,,,,,,,,,,,,,,,,,,,,,,,,,,,,,,,,,,,,,,,,,,,,,,,,,,,,,,,,,,,,,,,,,,,,,,,,,
coef,1.050393478551601,1.1706609021875218,,,,,,,,,,,,,,,,,,,,,,,0.09992489500705834,,,,,,,,,,,,,,,,,,,,,,,,,,,,,,,,,,,,,,,,,,,,,,,,,,,,,,,,,,,,,,,,,,,,,,,,,,,,,
coef,1.021561518717515,1.1574927196858407,,,,,,,,,,,,,,,,,,,,,,,,0.11444309032016335,,,,,,,,,,,,,,,,,,,,,,,,,,,,,,,,,,,,,,,,,,,,,,,,,,,,,,,,,,,,,,,,,,,,,,,,,,,,
coef,0.9506564352152296,1.1375718546405165,,,,,,,,,,,,,,,,,,,,,,,,,0.14945081930591464,,,,,,,,,,,,,,,,,,,,,,,,,,,,,,,,,,,,,,,,,,,,,,,,,,,,,,,,,,,,,,,,,,,,,,,,,,,
coef,0.9235676317708712,1.1268056272904345,,,,,,,,,,,,,,,,,,,,,,,,,,0.15960902009939457,,,,,,,,,,,,,,,,,,,,,,,,,,,,,,,,,,,,,,,,,,,,,,,,,,,,,,,,,,,,,,,,,,,,,,,,,,
coef,0.9593802304220472,1.1414406564781892,,,,,,,,,,,,,,,,,,,,,,,,,,,0.14356001138901955,,,,,,,,,,,,,,,,,,,,,,,,,,,,,,,,,,,,,,,,,,,,,,,,,,,,,,,,,,,,,,,,,,,,,,,,,
coef,1.0496153987375505,1.169134929547853,,,,,,,,,,,,,,,,,,,,,,,,,,,,0.10125519418952074,,,,,,,,,,,,,,,,,,,,,,,,,,,,,,,,,,,,,,,,,,,,,,,,,,,,,,,,,,,,,,,,,,,,,,,,
coef,1.006780648760543,1.1436802598422189,,,,,,,,,,,,,,,,,,,,,,,,,,,,,0.12958937102903836,,,,,,,,,,,,,,,,,,,,,,,,,,,,,,,,,,,,,,,,,,,,,,,,,,,,,,,,,,,,,,,,,,,,,,,
coef,1.0304306173538065,1.1609483147031452,,,,,,,,,,,,,,,,,,,,,,,,,,,,,,0.11145689666164241,,,,,,,,,,,,,,,,,,,,,,,,,,,,,,,,,,,,,,,,,,,,,,,,,,,,,,,,,,,,,,,,,,,,,,
coef,1.0259404455067644,1.1542453634209178,,,,,,,,,,,,,,,,,,,,,,,,,,,,,,,0.11343118220682104,,,,,,,,,,,,,,,,,,,,,,,,,,,,,,,,,,,,,,,,,,,,,,,,,,,,,,,,,,,,,,,,,,,,,
coef,0.9698943690559211,1.1471722336828098,,,,,,,,,,,,,,,,,,,,,,,,,,,,,,,,0.13650631233336882,,,,,,,,,,,,,,,,,,,,,,,,,,,,,,,,,,,,,,,,,,,,,,,,,,,,,,,,,,,,,,,,,,,,
coef,1.0368311116166171,1.1645115878484207,,,,,,,,,,,,,,,,,,,,,,,,,,,,,,,,,0.108375534915576,,,,,,,,,,,,,,,,,,,,,,,,,,,,,,,,,,,,,,,,,,,,,,,,,,,,,,,,,,,,,,,,,,,
coef,1.0387097077480054,1.1655902704953207,,,,,,,,,,,,,,,,,,,,,,,,,,,,,,,,,,0.10709200895107314,,,,,,,,,,,,,,,,,,,,,,,,,,,,,,,,,,,,,,,,,,,,,,,,,,,,,,,,,,,,,,,,,,
coef,1.0154849570026498,1.2504041016940515,,,,,,,,,,,,,,,,,,,,,,,,,,,,,,,,,,,0.2970780138187758,,,,,,,,,,,,,,,,,,,,,,,,,,,,,,,,,,,,,,,,,,,,,,,,,,,,,,,,,,,,,,,,,
coef,1.0154849569829987,1.2504041017178147,,,,,,,,,,,,,,,,,,,,,,,,,,,,,,,,,,,,0.2970780138610724,,,,,,,,,,,,,,,,,,,,,,,,,,,,,,,,,,,,,,,,,,,,,,,,,,,,,,,,,,,,,,,,
coef,1.0343686812167847,1.1621183652280271,,,,,,,,,,,,,,,,,,,,,,,,,,,,,,,,,,,,,0.11006079543812602,,,,,,,,,,,,,,,,,,,,,,,,,,,,,,,,,,,,,,,,,,,,,,,,,,,,,,,,,,,,,,,
coef,1.002422755935049,1.1801232284124634,,,,,,,,,,,,,,,,,,,,,,,,,,,,,,,,,,,,,,0.30271269877940804,,,,,,,,,,,,,,,,,,,,,,,,,,,,,,,,,,,,,,,,,,,,,,,,,,,,,,,,,,,,,,
coef,1.0272934812478456,1.1570262865928889,,,,,,,,,,,,,,,,,,,,,,,,,,,,,,,,,,,,,,,0.11428771636258436,,,,,,,,,,,,,,,,,,,,,,,,,,,,,,,,,,,,,,,,,,,,,,,,,,,,,,,,,,,,,
coef,0.9795635880378644,1.152917189648388,,,,,,,,,,,,,,,,,,,,,,,,,,,,,,,,,,,,,,,,0.13079727951638814,,,,,,,,,,,,,,,,,,,,,,,,,,,,,,,,,,,,,,,,,,,,,,,,,,,,,,,,,,,,
coef,0.9496113552082834,1.1390543366000534,,,,,,,,,,,,,,,,,,,,,,,,,,,,,,,,,,,,,,,,,0.1461260698820877,,,,,,,,,,,,,,,,,,,,,,,,,,,,,,,,,,,,,,,,,,,,,,,,,,,,,,,,,,,
coef,1.0183131247360537,1.1500456423536496,,,,,,,,,,,,,,,,,,,,,,,,,,,,,,,,,,,,,,,,,,0.12036684958378255,,,,,,,,,,,,,,,,,,,,,,,,,,,,,,,,,,,,,,,,,,,,,,,,,,,,,,,,,,
coef,1.0095102558482403,1.1425793750204825,,,,,,,,,,,,,,,,,,,,,,,,,,,,,,,,,,,,,,,,,,,0.1268113143692491,,,,,,,,,,,,,,,,,,,,,,,,,,,,,,,,,,,,,,,,,,,,,,,,,,,,,,,,,
coef,1.1154416631949153,1.1919528813513687,,,,,,,,,,,,,,,,,,,,,,,,,,,,,,,,,,,,,,,,,,,,0.14303605095872052,,,,,,,,,,,,,,,,,,,,,,,,,,,,,,,,,,,,,,,,,,,,,,,,,,,,,,,,
coef,1.11544166318307,1.1919528813425455,,,,,,,,,,,,,,,,,,,,,,,,,,,,,,,,,,,,,,,,,,,,,0.14303605093886498,,,,,,,,,,,,,,,,,,,,,,,,,,,,,,,,,,,,,,,,,,,,,,,,,,,,,,,
coef,0.8068526442444587,0.8790442176698527,,,,,,,,,,,,,,,,,,,,,,,,,,,,,,,,,,,,,,,,,,,,,,0.4973170858729725,,,,,,,,,,,,,,,,,,,,,,,,,,,,,,,,,,,,,,,,,,,,,,,,,,,,,,
coef,0.9850827288817318,1.141236419114589,,,,,,,,,,,,,,,,,,,,,,,,,,,,,,,,,,,,,,,,,,,,,,,0.1327293290143508,,,,,,,,,,,,,,,,,,,,,,,,,,,,,,,,,,,,,,,,,,,,,,,,,,,,,
coef,1.1523559230664984,1.230166178197938,,,,,,,,,,,,,,,,,,,,,,,,,,,,,,,,,,,,,,,,,,,,,,,,0.310201975577118,,,,,,,,,,,,,,,,,,,,,,,,,,,,,,,,,,,,,,,,,,,,,,,,,,,,
coef,1.11256311433476,1.190003654016194,,,,,,,,,,,,,,,,,,,,,,,,,,,,,,,,,,,,,,,,,,,,,,,,,0.16924952406849458,,,,,,,,,,,,,,,,,,,,,,,,,,,,,,,,,,,,,,,,,,,,,,,,,,,
coef,0.9889148953967216,1.1569876088841853,,,,,,,,,,,,,,,,,,,,,,,,,,,,,,,,,,,,,,,,,,,,,,,,,,0.12699039829624423,,,,,,,,,,,,,,,,,,,,,,,,,,,,,,,,,,,,,,,,,,,,,,,,,,
coef,1.0938240216136135,1.20216120104413,,,,,,,,,,,,,,,,,,,,,,,,,,,,,,,,,,,,,,,,,,,,,,,,,,,0.0872499340105111,,,,,,,,,,,,,,,,,,,,,,,,,,,,,,,,,,,,,,,,,,,,,,,,,
coef,1.0960785969190545,1.2072162150419763,,,,,,,,,,,,,,,,,,,,,,,,,,,,,,,,,,,,,,,,,,,,,,,,,,,,0.08688832418055537,,,,,,,,,,,,,,,,,,,,,,,,,,,,,,,,,,,,,,,,,,,,,,,,
coef,1.071736679778001,1.1847829047588223,,,,,,,,,,,,,,,,,,,,,,,,,,,,,,,,,,,,,,,,,,,,,,,,,,,,,0.10086721316362843,,,,,,,,,,,,,,,,,,,,,,,,,,,,,,,,,,,,,,,,,,,,,,,
coef,0.9973939943763231,1.159730195357808,,,,,,,,,,,,,,,,,,,,,,,,,,,,,,,,,,,,,,,,,,,,,,,,,,,,,,0.12539937830263345,,,,,,,,,,,,,,,,,,,,,,,,,,,,,,,,,,,,,,,,,,,,,,
coef,1.0919750703519828,1.1991703524728647,,,,,,,,,,,,,,,,,,,,,,,,,,,,,,,,,,,,,,,,,,,,,,,,,,,,,,,0.08799590730489015,,,,,,,,,,,,,,,,,,,,,,,,,,,,,,,,,,,,,,,,,,,,,
coef,0.9747081077421978,1.1490845016547493,,,,,,,,,,,,,,,,,,,,,,,,,,,,,,,,,,,,,,,,,,,,,,,,,,,,,,,,0.13545953957939744,,,,,,,,,,,,,,,,,,,,,,,,,,,,,,,,,,,,,,,,,,,,
coef,1.070823990008417,1.1887019112902326,,,,,,,,,,,,,,,,,,,,,,,,,,,,,,,,,,,,,,,,,,,,,,,,,,,,,,,,,0.09783585240750968,,,,,,,,,,,,,,,,,,,,,,,,,,,,,,,,,,,,,,,,,,,
coef,0.9743394359496967,1.1738186249076403,,,,,,,,,,,,,,,,,,,,,,,,,,,,,,,,,,,,,,,,,,,,,,,,,,,,,,,,,,0.17279258282366658,,,,,,,,,,,,,,,,,,,,,,,,,,,,,,,,,,,,,,,,,,
coef,1.0621853913871406,1.2204568622116148,,,,,,,,,,,,,,,,,,,,,,,,,,,,,,,,,,,,,,,,,,,,,,,,,,,,,,,,,,,0.20338173744311128,,,,,,,,,,,,,,,,,,,,,,,,,,,,,,,,,,,,,,,,,
coef,1.0687523309215494,1.1773478779162294,,,,,,,,,,,,,,,,,,,,,,,,,,,,,,,,,,,,,,,,,,,,,,,,,,,,,,,,,,,,0.10136967599946606,,,,,,,,,,,,,,,,,,,,,,,,,,,,,,,,,,,,,,,,
coef,1.0853015519815594,1.227819203435419,,,,,,,,,,,,,,,,,,,,,,,,,,,,,,,,,,,,,,,,,,,,,,,,,,,,,,,,,,,,,-0.33329723360002445,,,,,,,,,,,,,,,,,,,,,,,,,,,,,,,,,,,,,,,
coef,1.0976565827277531,1.0507435733803185,,,,,,,,,,,,,,,,,,,,,,,,,,,,,,,,,,,,,,,,,,,,,,,,,,,,,,,,,,,,,,-0.5608605595077643,,,,,,,,,,,,,,,,,,,,,,,,,,,,,,,,,,,,,,
coef,1.3247713645625874,1.188123204138395,,,,,,,,,,,,,,,,,,,,,,,,,,,,,,,,,,,,,,,,,,,,,,,,,,,,,,,,,,,,,,,-0.4458191719595595,,,,,,,,,,,,,,,,,,,,,,,,,,,,,,,,,,,,,
coef,1.0828174148311436,1.1932056532798503,,,,,,,,,,,,,,,,,,,,,,,,,,,,,,,,,,,,,,,,,,,,,,,,,,,,,,,,,,,,,,,,0.09916218750955119,,,,,,,,,,,,,,,,,,,,,,,,,,,,,,,,,,,,
coef,0.98591070201503,1.1491537887166665,,,,,,,,,,,,,,,,,,,,,,,,,,,,,,,,,,,,,,,,,,,,,,,,,,,,,,,,,,,,,,,,,0.14036950301516102,,,,,,,,,,,,,,,,,,,,,,,,,,,,,,,,,,,
coef,1.0117710448601893,1.1643228202128526,,,,,,,,,,,,,,,,,,,,,,,,,,,,,,,,,,,,,,,,,,,,,,,,,,,,,,,,,,,,,,,,,,0.12182207988094103,,,,,,,,,,,,,,,,,,,,,,,,,,,,,,,,,,
coef,1.0897090464736205,1.1985068863482726,,,,,,,,,,,,,,,,,,,,,,,,,,,,,,,,,,,,,,,,,,,,,,,,,,,,,,,,,,,,,,,,,,,0.09344929947404636,,,,,,,,,,,,,,,,,,,,,,,,,,,,,,,,,
coef,1.0925116162907103,1.1915416220298587,,,,,,,,,,,,,,,,,,,,,,,,,,,,,,,,,,,,,,,,,,,,,,,,,,,,,,,,,,,,,,,,,,,,0.10443673934127896,,,,,,,,,,,,,,,,,,,,,,,,,,,,,,,,
coef,1.081718626002573,1.1991589337797919,,,,,,,,,,,,,,,,,,,,,,,,,,,,,,,,,,,,,,,,,,,,,,,,,,,,,,,,,,,,,,,,,,,,,0.10564851286796656,,,,,,,,,,,,,,,,,,,,,,,,,,,,,,,
coef,1.0108898927679781,1.1559798808004145,,,,,,,,,,,,,,,,,,,,,,,,,,,,,,,,,,,,,,,,,,,,,,,,,,,,,,,,,,,,,,,,,,,,,,0.12341890342030547,,,,,,,,,,,,,,,,,,,,,,,,,,,,,,
coef,1.059840337251589,1.2030466499647081,,,,,,,,,,,,,,,,,,,,,,,,,,,,,,,,,,,,,,,,,,,,,,,,,,,,,,,,,,,,,,,,,,,,,,,0.1534436256077717,,,,,,,,,,,,,,,,,,,,,,,,,,,,,
coef,1.0598403372502696,1.2030466499584698,,,,,,,,,,,,,,,,,,,,,,,,,,,,,,,,,,,,,,,,,,,,,,,,,,,,,,,,,,,,,,,,,,,,,,,,0.15344362561420696,,,,,,,,,,,,,,,,,,,,,,,,,,,,
coef,1.0952602941318061,1.2041668649854012,,,,,,,,,,,,,,,,,,,,,,,,,,,,,,,,,,,,,,,,,,,,,,,,,,,,,,,,,,,,,,,,,,,,,,,,,0.11026604467541244,,,,,,,,,,,,,,,,,,,,,,,,,,,
coef,1.0521439047735326,1.173568095378923,,,,,,,,,,,,,,,,,,,,,,,,,,,,,,,,,,,,,,,,,,,,,,,,,,,,,,,,,,,,,,,,,,,,,,,,,,0.11410066421986868,,,,,,,,,,,,,,,,,,,,,,,,,,
coef,1.0579359089536509,1.1832065805614536,,,,,,,,,,,,,,,,,,,,,,,,,,,,,,,,,,,,,,,,,,,,,,,,,,,,,,,,,,,,,,,,,,,,,,,,,,,0.11706780929827956,,,,,,,,,,,,,,,,,,,,,,,,,
coef,1.0676012463393916,1.1890698012396448,,,,,,,,,,,,,,,,,,,,,,,,,,,,,,,,,,,,,,,,,,,,,,,,,,,,,,,,,,,,,,,,,,,,,,,,,,,,0.10275708449412253,,,,,,,,,,,,,,,,,,,,,,,,
coef,0.9919393440716946,1.1545074779909639,,,,,,,,,,,,,,,,,,,,,,,,,,,,,,,,,,,,,,,,,,,,,,,,,,,,,,,,,,,,,,,,,,,,,,,,,,,,,0.1299352758211598,,,,,,,,,,,,,,,,,,,,,,,
coef,1.0064580986625185,1.1518385235020927,,,,,,,,,,,,,,,,,,,,,,,,,,,,,,,,,,,,,,,,,,,,,,,,,,,,,,,,,,,,,,,,,,,,,,,,,,,,,,0.1257594568372189,,,,,,,,,,,,,,,,,,,,,,
coef,1.0754941958340363,1.182931526930325,,,,,,,,,,,,,,,,,,,,,,,,,,,,,,,,,,,,,,,,,,,,,,,,,,,,,,,,,,,,,,,,,,,,,,,,,,,,,,,0.11171211107661336,,,,,,,,,,,,,,,,,,,,,
coef,1.095436230567723,1.1952019766237678,,,,,,,,,,,,,,,,,,,,,,,,,,,,,,,,,,,,,,,,,,,,,,,,,,,,,,,,,,,,,,,,,,,,,,,,,,,,,,,,0.11366249335453693,,,,,,,,,,,,,,,,,,,,
coef,1.0259097406322755,1.1655957831535357,,,,,,,,,,,,,,,,,,,,,,,,,,,,,,,,,,,,,,,,,,,,,,,,,,,,,,,,,,,,,,,,,,,,,,,,,,,,,,,,,0.12010926143954022,,,,,,,,,,,,,,,,,,,
coef,1.0392311374160053,1.1735965861522528,,,,,,,,,,,,,,,,,,,,,,,,,,,,,,,,,,,,,,,,,,,,,,,,,,,,,,,,,,,,,,,,,,,,,,,,,,,,,,,,,,0.11653527277688243,,,,,,,,,,,,,,,,,,
coef,1.0385175168008254,1.1506740746020225,,,,,,,,,,,,,,,,,,,,,,,,,,,,,,,,,,,,,,,,,,,,,,,,,,,,,,,,,,,,,,,,,,,,,,,,,,,,,,,,,,,0.12226103083162843,,,,,,,,,,,,,,,,,
coef,0.9994938648858498,1.16336128396337,,,,,,,,,,,,,,,,,,,,,,,,,,,,,,,,,,,,,,,,,,,,,,,,,,,,,,,,,,,,,,,,,,,,,,,,,,,,,,,,,,,,0.17939900371374043,,,,,,,,,,,,,,,,
coef,0.9994938648583424,1.163361283943315,,,,,,,,,,,,,,,,,,,,,,,,,,,,,,,,,,,,,,,,,,,,,,,,,,,,,,,,,,,,,,,,,,,,,,,,,,,,,,,,,,,,,0.17939900374422366,,,,,,,,,,,,,,,
coef,1.2362367916731343,1.1974951639576092,,,,,,,,,,,,,,,,,,,,,,,,,,,,,,,,,,,,,,,,,,,,,,,,,,,,,,,,,,,,,,,,,,,,,,,,,,,,,,,,,,,,,,0.42363243557004676,,,,,,,,,,,,,,
coef,1.236236791644188,1.1974951639477465,,,,,,,,,,,,,,,,,,,,,,,,,,,,,,,,,,,,,,,,,,,,,,,,,,,,,,,,,,,,,,,,,,,,,,,,,,,,,,,,,,,,,,,0.4236324356513084,,,,,,,,,,,,,
coef,1.0095469161668098,1.1607327868030148,,,,,,,,,,,,,,,,,,,,,,,,,,,,,,,,,,,,,,,,,,,,,,,,,,,,,,,,,,,,,,,,,,,,,,,,,,,,,,,,,,,,,,,,0.12458768491620432,,,,,,,,,,,,
coef,0.9601965883290267,1.1551898010160428,,,,,,,,,,,,,,,,,,,,,,,,,,,,,,,,,,,,,,,,,,,,,,,,,,,,,,,,,,,,,,,,,,,,,,,,,,,,,,,,,,,,,,,,,0.17274115638241985,,,,,,,,,,,
coef,1.0706647562750444,1.1776950046989212,,,,,,,,,,,,,,,,,,,,,,,,,,,,,,,,,,,,,,,,,,,,,,,,,,,,,,,,,,,,,,,,,,,,,,,,,,,,,,,,,,,,,,,,,,0.11959608474271234,,,,,,,,,,
coef,1.0739131732140648,1.1724935972869677,,,,,,,,,,,,,,,,,,,,,,,,,,,,,,,,,,,,,,,,,,,,,,,,,,,,,,,,,,,,,,,,,,,,,,,,,,,,,,,,,,,,,,,,,,,0.12194028726143931,,,,,,,,,
coef,1.0788158535411834,1.1899684784352054,,,,,,,,,,,,,,,,,,,,,,,,,,,,,,,,,,,,,,,,,,,,,,,,,,,,,,,,,,,,,,,,,,,,,,,,,,,,,,,,,,,,,,,,,,,,0.10856786146453563,,,,,,,,
coef,1.0688298326417487,1.1835688082416218,,,,,,,,,,,,,,,,,,,,,,,,,,,,,,,,,,,,,,,,,,,,,,,,,,,,,,,,,,,,,,,,,,,,,,,,,,,,,,,,,,,,,,,,,,,,,0.10641456183884065,,,,,,,
coef,1.0367535642125083,1.1710752231716293,,,,,,,,,,,,,,,,,,,,,,,,,,,,,,,,,,,,,,,,,,,,,,,,,,,,,,,,,,,,,,,,,,,,,,,,,,,,,,,,,,,,,,,,,,,,,,0.13748522054301462,,,,,,
coef,1.0276563252794013,1.1658098257208471,,,,,,,,,,,,,,,,,,,,,,,,,,,,,,,,,,,,,,,,,,,,,,,,,,,,,,,,,,,,,,,,,,,,,,,,,,,,,,,,,,,,,,,,,,,,,,,0.12064128229092466,,,,,
coef,1.061199153174849,1.1800784190790143,,,,,,,,,,,,,,,,,,,,,,,,,,,,,,,,,,,,,,,,,,,,,,,,,,,,,,,,,,,,,,,,,,,,,,,,,,,,,,,,,,,,,,,,,,,,,,,,0.11493496086159838,,,,
coef,1.0537450307301481,1.1758922536853065,,,,,,,,,,,,,,,,,,,,,,,,,,,,,,,,,,,,,,,,,,,,,,,,,,,,,,,,,,,,,,,,,,,,,,,,,,,,,,,,,,,,,,,,,,,,,,,,,0.11597641444384997,,,
coef,1.0433372304731734,1.1713498419996131,,,,,,,,,,,,,,,,,,,,,,,,,,,,,,,,,,,,,,,,,,,,,,,,,,,,,,,,,,,,,,,,,,,,,,,,,,,,,,,,,,,,,,,,,,,,,,,,,,0.12742310261250395,,
coef,0.6681298766030972,0.8654725566206835,,,,,,,,,,,,,,,,,,,,,,,,,,,,,,,,,,,,,,,,,,,,,,,,,,,,,,,,,,,,,,,,,,,,,,,,,,,,,,,,,,,,,,,,,,,,,,,,,,,-0.606374681475589,
coef,0.7849155775048118,0.951796445823944,,,,,,,,,,,,,,,,,,,,,,,,,,,,,,,,,,,,,,,,,,,,,,,,,,,,,,,,,,,,,,,,,,,,,,,,,,,,,,,,,,,,,,,,,,,,,,,,,,,,0.6173029576145544
