,cohort,figo2018,shape_VoxelVolume,glrlm_LongRunHighGrayLevelEmphasis,wavelet.wavelet.LLH_glcm_Idmn,wavelet.wavelet.LLL_firstorder_10Percentile,log.sigma.3.0.mm.3D_firstorder_10Percentile,log.sigma.5.0.mm.3D_glcm_MaximumProbability,log.sigma.3.0.mm.3D_gldm_SmallDependenceLowGrayLevelEmphasis,wavelet.wavelet.HHH_ngtdm_Coarseness,log.sigma.0.5.mm.3D_firstorder_Median,log.sigma.1.5.mm.3D_glcm_Idn,log.sigma.4.5.mm.3D_glrlm_LongRunLowGrayLevelEmphasis,log.sigma.3.0.mm.3D_glszm_GrayLevelNonUniformityNormalized,wavelet.wavelet.HLL_glszm_SmallAreaLowGrayLevelEmphasis,log.sigma.1.5.mm.3D_gldm_SmallDependenceLowGrayLevelEmphasis,wavelet.wavelet.LLH_glcm_Imc2,log.sigma.3.5.mm.3D_glrlm_ShortRunLowGrayLevelEmphasis,log.sigma.2.0.mm.3D_glcm_Idmn,wavelet.wavelet.LLL_firstorder_Range,log.sigma.3.5.mm.3D_gldm_LowGrayLevelEmphasis,log.sigma.3.5.mm.3D_glrlm_LowGrayLevelRunEmphasis,wavelet.wavelet.LLH_ngtdm_Strength,wavelet.wavelet.LHL_ngtdm_Strength,log.sigma.3.5.mm.3D_firstorder_10Percentile,log.sigma.2.0.mm.3D_glszm_SmallAreaEmphasis,wavelet.wavelet.LLL_glcm_JointAverage,wavelet.wavelet.LLL_glcm_SumAverage,wavelet.wavelet.HLL_glcm_Idmn,glszm_HighGrayLevelZoneEmphasis,log.sigma.3.5.mm.3D_glszm_LargeAreaLowGrayLevelEmphasis,log.sigma.2.5.mm.3D_gldm_SmallDependenceLowGrayLevelEmphasis,wavelet.wavelet.LLH_ngtdm_Contrast,log.sigma.3.0.mm.3D_glrlm_ShortRunLowGrayLevelEmphasis,firstorder_Entropy,log.sigma.3.0.mm.3D_glrlm_LowGrayLevelRunEmphasis,log.sigma.3.0.mm.3D_gldm_LowGrayLevelEmphasis,wavelet.wavelet.HHH_ngtdm_Strength,wavelet.wavelet.HLL_firstorder_Mean,log.sigma.2.0.mm.3D_gldm_DependenceEntropy,gldm_SmallDependenceHighGrayLevelEmphasis,wavelet.wavelet.LLL_firstorder_Minimum,log.sigma.3.0.mm.3D_firstorder_Minimum,log.sigma.1.5.mm.3D_gldm_DependenceEntropy,glszm_SmallAreaHighGrayLevelEmphasis,wavelet.wavelet.LLL_firstorder_Skewness,log.sigma.4.0.mm.3D_firstorder_10Percentile,glrlm_HighGrayLevelRunEmphasis,gldm_HighGrayLevelEmphasis,glrlm_ShortRunHighGrayLevelEmphasis,glcm_Autocorrelation,log.sigma.2.5.mm.3D_glrlm_ShortRunLowGrayLevelEmphasis,log.sigma.3.0.mm.3D_gldm_LargeDependenceLowGrayLevelEmphasis,wavelet.wavelet.LLH_firstorder_Median,log.sigma.3.5.mm.3D_glcm_Imc2,log.sigma.4.0.mm.3D_gldm_DependenceEntropy,log.sigma.1.0.mm.3D_gldm_DependenceEntropy,wavelet.wavelet.HLL_gldm_SmallDependenceLowGrayLevelEmphasis,log.sigma.3.0.mm.3D_gldm_DependenceEntropy,log.sigma.2.5.mm.3D_glrlm_LowGrayLevelRunEmphasis,log.sigma.3.5.mm.3D_gldm_DependenceEntropy,log.sigma.4.5.mm.3D_glcm_Correlation,log.sigma.5.0.mm.3D_glcm_Correlation,log.sigma.4.5.mm.3D_firstorder_10Percentile,log.sigma.4.5.mm.3D_gldm_DependenceEntropy,log.sigma.3.0.mm.3D_glcm_Correlation,glrlm_GrayLevelNonUniformityNormalized,glcm_SumEntropy,log.sigma.4.0.mm.3D_glcm_Correlation,log.sigma.2.5.mm.3D_glszm_GrayLevelNonUniformityNormalized,log.sigma.1.5.mm.3D_ngtdm_Complexity,log.sigma.4.0.mm.3D_glcm_Imc2,log.sigma.1.0.mm.3D_firstorder_Range,firstorder_Uniformity,log.sigma.4.5.mm.3D_glcm_Imc2,glcm_JointAverage,glcm_SumAverage,log.sigma.5.0.mm.3D_firstorder_10Percentile,ngtdm_Complexity,log.sigma.5.0.mm.3D_glcm_Imc2,log.sigma.3.5.mm.3D_glcm_Correlation,log.sigma.0.5.mm.3D_glszm_ZoneEntropy,glcm_JointEntropy,wavelet.wavelet.LHH_ngtdm_Strength,log.sigma.1.0.mm.3D_firstorder_Maximum,log.sigma.5.0.mm.3D_gldm_DependenceEntropy,log.sigma.2.5.mm.3D_glrlm_ShortRunHighGrayLevelEmphasis,firstorder_Range,firstorder_Maximum,wavelet.wavelet.LLL_glcm_JointEntropy,log.sigma.0.5.mm.3D_gldm_DependenceEntropy,log.sigma.2.0.mm.3D_ngtdm_Complexity,log.sigma.2.0.mm.3D_firstorder_Range,wavelet.wavelet.HHH_gldm_SmallDependenceLowGrayLevelEmphasis,wavelet.wavelet.LLL_glcm_Correlation,log.sigma.2.5.mm.3D_glcm_SumAverage,log.sigma.2.5.mm.3D_glcm_JointAverage,wavelet.wavelet.HLL_gldm_DependenceEntropy,log.sigma.1.5.mm.3D_firstorder_Range,log.sigma.2.5.mm.3D_firstorder_Minimum,log.sigma.2.0.mm.3D_firstorder_Minimum,log.sigma.2.0.mm.3D_glcm_SumAverage,log.sigma.2.0.mm.3D_glcm_JointAverage
coef,0.9020248933379736,1.2071741832965996,1.640620107900647e-06,0.15572803160249965,,,,,,,,,,,,,,,,,,,,,,,,,,,,,,,,,,,,,,,,,,,,,,,,,,,,,,,,,,,,,,,,,,,,,,,,,,,,,,,,,,,,,,,,,,,,,,,,,,,
coef,0.9498048724098775,0.8482281371177468,9.993920322752277e-07,,0.4127859979597307,,,,,,,,,,,,,,,,,,,,,,,,,,,,,,,,,,,,,,,,,,,,,,,,,,,,,,,,,,,,,,,,,,,,,,,,,,,,,,,,,,,,,,,,,,,,,,,,,,
coef,0.9182376701330042,1.100429928792933,2.0267367688604758e-06,,,0.07551042848427386,,,,,,,,,,,,,,,,,,,,,,,,,,,,,,,,,,,,,,,,,,,,,,,,,,,,,,,,,,,,,,,,,,,,,,,,,,,,,,,,,,,,,,,,,,,,,,,,,
coef,1.0352801241763367,1.2377842163956236,1.982654309000483e-06,,,,-0.15228161365525256,,,,,,,,,,,,,,,,,,,,,,,,,,,,,,,,,,,,,,,,,,,,,,,,,,,,,,,,,,,,,,,,,,,,,,,,,,,,,,,,,,,,,,,,,,,,,,,,
coef,0.6435810739932303,1.1513690520616786,3.345703230459061e-06,,,,,-0.37538503624416947,,,,,,,,,,,,,,,,,,,,,,,,,,,,,,,,,,,,,,,,,,,,,,,,,,,,,,,,,,,,,,,,,,,,,,,,,,,,,,,,,,,,,,,,,,,,,,,
coef,0.9002541529991213,0.9169662696135842,6.171809760949302e-07,,,,,,-0.6460989226942081,,,,,,,,,,,,,,,,,,,,,,,,,,,,,,,,,,,,,,,,,,,,,,,,,,,,,,,,,,,,,,,,,,,,,,,,,,,,,,,,,,,,,,,,,,,,,,
coef,0.7037603312827749,0.7236173917937037,1.3832104851621814e-07,,,,,,,-1.9574235185467386,,,,,,,,,,,,,,,,,,,,,,,,,,,,,,,,,,,,,,,,,,,,,,,,,,,,,,,,,,,,,,,,,,,,,,,,,,,,,,,,,,,,,,,,,,,,,
coef,0.8793266215669884,1.1250475048904376,2.0181015129702836e-06,,,,,,,,0.11728009762762498,,,,,,,,,,,,,,,,,,,,,,,,,,,,,,,,,,,,,,,,,,,,,,,,,,,,,,,,,,,,,,,,,,,,,,,,,,,,,,,,,,,,,,,,,,,,
coef,0.7549596708866074,0.8457823383525632,7.639964562540242e-07,,,,,,,,,0.4687978610470644,,,,,,,,,,,,,,,,,,,,,,,,,,,,,,,,,,,,,,,,,,,,,,,,,,,,,,,,,,,,,,,,,,,,,,,,,,,,,,,,,,,,,,,,,,,
coef,0.8955729585077732,1.1278118423731145,1.904544884274678e-06,,,,,,,,,,-0.12506887464848215,,,,,,,,,,,,,,,,,,,,,,,,,,,,,,,,,,,,,,,,,,,,,,,,,,,,,,,,,,,,,,,,,,,,,,,,,,,,,,,,,,,,,,,,,,
coef,0.6611499201144028,1.0756824746635751,1.9919312522397266e-06,,,,,,,,,,,-0.38321379874291805,,,,,,,,,,,,,,,,,,,,,,,,,,,,,,,,,,,,,,,,,,,,,,,,,,,,,,,,,,,,,,,,,,,,,,,,,,,,,,,,,,,,,,,,,
coef,1.0809725435645086,1.087935272074996,1.6258023263732026e-06,,,,,,,,,,,,-0.33095073704652667,,,,,,,,,,,,,,,,,,,,,,,,,,,,,,,,,,,,,,,,,,,,,,,,,,,,,,,,,,,,,,,,,,,,,,,,,,,,,,,,,,,,,,,,
coef,0.9366949488755681,0.7261906342413188,2.2623221213478953e-07,,,,,,,,,,,,,-1.1281216395137024,,,,,,,,,,,,,,,,,,,,,,,,,,,,,,,,,,,,,,,,,,,,,,,,,,,,,,,,,,,,,,,,,,,,,,,,,,,,,,,,,,,,,,,
coef,0.6551899420578107,0.8555348918084675,2.2023879088642937e-07,,,,,,,,,,,,,,-0.5978356830274972,,,,,,,,,,,,,,,,,,,,,,,,,,,,,,,,,,,,,,,,,,,,,,,,,,,,,,,,,,,,,,,,,,,,,,,,,,,,,,,,,,,,,,
coef,0.7995454465084322,1.063387856707719,1.6017968029127054e-06,,,,,,,,,,,,,,,-0.49420399339052123,,,,,,,,,,,,,,,,,,,,,,,,,,,,,,,,,,,,,,,,,,,,,,,,,,,,,,,,,,,,,,,,,,,,,,,,,,,,,,,,,,,,,
coef,0.7912840145199137,0.7592880854275817,6.384214570802481e-07,,,,,,,,,,,,,,,,0.5883633567905849,,,,,,,,,,,,,,,,,,,,,,,,,,,,,,,,,,,,,,,,,,,,,,,,,,,,,,,,,,,,,,,,,,,,,,,,,,,,,,,,,,,,
coef,0.7608589005939119,1.1741874455193804,1.572628248808711e-06,,,,,,,,,,,,,,,,,0.28485958738893397,,,,,,,,,,,,,,,,,,,,,,,,,,,,,,,,,,,,,,,,,,,,,,,,,,,,,,,,,,,,,,,,,,,,,,,,,,,,,,,,,,,
coef,0.8364932140773715,1.080135946233771,1.7082300020115614e-06,,,,,,,,,,,,,,,,,,-0.3742770746982753,,,,,,,,,,,,,,,,,,,,,,,,,,,,,,,,,,,,,,,,,,,,,,,,,,,,,,,,,,,,,,,,,,,,,,,,,,,,,,,,,,
coef,0.8149969034730269,1.0769739725348386,1.6811424370002865e-06,,,,,,,,,,,,,,,,,,,-0.43635701959570394,,,,,,,,,,,,,,,,,,,,,,,,,,,,,,,,,,,,,,,,,,,,,,,,,,,,,,,,,,,,,,,,,,,,,,,,,,,,,,,,,
coef,0.6896933490817966,1.0211339834816482,6.72614884635385e-07,,,,,,,,,,,,,,,,,,,,-1.101419206350077,,,,,,,,,,,,,,,,,,,,,,,,,,,,,,,,,,,,,,,,,,,,,,,,,,,,,,,,,,,,,,,,,,,,,,,,,,,,,,,,
coef,0.9133454843964262,0.9511407294160064,9.892654841154393e-07,,,,,,,,,,,,,,,,,,,,,-0.6598215227716271,,,,,,,,,,,,,,,,,,,,,,,,,,,,,,,,,,,,,,,,,,,,,,,,,,,,,,,,,,,,,,,,,,,,,,,,,,,,,,,
coef,1.0312295440394241,1.2482511306356217,2.007916669103506e-06,,,,,,,,,,,,,,,,,,,,,,-0.1878292200016817,,,,,,,,,,,,,,,,,,,,,,,,,,,,,,,,,,,,,,,,,,,,,,,,,,,,,,,,,,,,,,,,,,,,,,,,,,,,,,
coef,0.8793717525346589,1.1858332670045135,2.4649710525011633e-06,,,,,,,,,,,,,,,,,,,,,,,0.22110273673583122,,,,,,,,,,,,,,,,,,,,,,,,,,,,,,,,,,,,,,,,,,,,,,,,,,,,,,,,,,,,,,,,,,,,,,,,,,,,,
coef,0.8365331164269245,1.2078982645242022,1.5098443852650363e-06,,,,,,,,,,,,,,,,,,,,,,,,0.22201084131516977,,,,,,,,,,,,,,,,,,,,,,,,,,,,,,,,,,,,,,,,,,,,,,,,,,,,,,,,,,,,,,,,,,,,,,,,,,,,
coef,0.8365331164387018,1.2078982645220009,1.5098443852224085e-06,,,,,,,,,,,,,,,,,,,,,,,,,0.22201084133661458,,,,,,,,,,,,,,,,,,,,,,,,,,,,,,,,,,,,,,,,,,,,,,,,,,,,,,,,,,,,,,,,,,,,,,,,,,,
coef,0.6943142144749174,1.0093305099849947,2.167124728806766e-06,,,,,,,,,,,,,,,,,,,,,,,,,,0.4256806659701133,,,,,,,,,,,,,,,,,,,,,,,,,,,,,,,,,,,,,,,,,,,,,,,,,,,,,,,,,,,,,,,,,,,,,,,,,,
coef,0.9373603665564979,1.2162960333391155,1.6904219221505885e-06,,,,,,,,,,,,,,,,,,,,,,,,,,,0.1470793060647145,,,,,,,,,,,,,,,,,,,,,,,,,,,,,,,,,,,,,,,,,,,,,,,,,,,,,,,,,,,,,,,,,,,,,,,,,
coef,0.8266134020192072,1.1576619890967748,3.042047076914234e-06,,,,,,,,,,,,,,,,,,,,,,,,,,,,-0.5616444928109673,,,,,,,,,,,,,,,,,,,,,,,,,,,,,,,,,,,,,,,,,,,,,,,,,,,,,,,,,,,,,,,,,,,,,,,,
coef,0.8886918890330888,0.8634156019810277,6.475632921163661e-07,,,,,,,,,,,,,,,,,,,,,,,,,,,,,-0.6480752070667347,,,,,,,,,,,,,,,,,,,,,,,,,,,,,,,,,,,,,,,,,,,,,,,,,,,,,,,,,,,,,,,,,,,,,,,
coef,0.8809551650136219,0.8436606869067769,9.298850291220281e-07,,,,,,,,,,,,,,,,,,,,,,,,,,,,,,-0.5599748230770374,,,,,,,,,,,,,,,,,,,,,,,,,,,,,,,,,,,,,,,,,,,,,,,,,,,,,,,,,,,,,,,,,,,,,,
coef,0.8307576512258167,1.0807646585110784,1.5502918505390171e-06,,,,,,,,,,,,,,,,,,,,,,,,,,,,,,,-0.47163685278576756,,,,,,,,,,,,,,,,,,,,,,,,,,,,,,,,,,,,,,,,,,,,,,,,,,,,,,,,,,,,,,,,,,,,,
coef,0.8853032464191325,1.220787286253036,2.1107230181993054e-06,,,,,,,,,,,,,,,,,,,,,,,,,,,,,,,,0.20014083171830252,,,,,,,,,,,,,,,,,,,,,,,,,,,,,,,,,,,,,,,,,,,,,,,,,,,,,,,,,,,,,,,,,,,,
coef,0.8383690172630883,1.0935141509555297,1.6250623338480163e-06,,,,,,,,,,,,,,,,,,,,,,,,,,,,,,,,,-0.4446091341170784,,,,,,,,,,,,,,,,,,,,,,,,,,,,,,,,,,,,,,,,,,,,,,,,,,,,,,,,,,,,,,,,,,,
coef,0.8534193877286057,1.0959471436889112,1.6474056559570288e-06,,,,,,,,,,,,,,,,,,,,,,,,,,,,,,,,,,-0.40675361581706887,,,,,,,,,,,,,,,,,,,,,,,,,,,,,,,,,,,,,,,,,,,,,,,,,,,,,,,,,,,,,,,,,,
coef,0.4132191182200591,0.987663753644579,1.410141614432488e-06,,,,,,,,,,,,,,,,,,,,,,,,,,,,,,,,,,,-1.1875166670837987,,,,,,,,,,,,,,,,,,,,,,,,,,,,,,,,,,,,,,,,,,,,,,,,,,,,,,,,,,,,,,,,,
coef,0.8791973258764615,1.1352327682556225,2.0146947487576845e-06,,,,,,,,,,,,,,,,,,,,,,,,,,,,,,,,,,,,0.12399443111617882,,,,,,,,,,,,,,,,,,,,,,,,,,,,,,,,,,,,,,,,,,,,,,,,,,,,,,,,,,,,,,,,
coef,0.4297818199394689,1.0755682508107944,2.8627305355490985e-06,,,,,,,,,,,,,,,,,,,,,,,,,,,,,,,,,,,,,0.4907003126969481,,,,,,,,,,,,,,,,,,,,,,,,,,,,,,,,,,,,,,,,,,,,,,,,,,,,,,,,,,,,,,,
coef,0.9856251565653076,1.1374274993136257,1.865744003938445e-06,,,,,,,,,,,,,,,,,,,,,,,,,,,,,,,,,,,,,,-0.009010724981471586,,,,,,,,,,,,,,,,,,,,,,,,,,,,,,,,,,,,,,,,,,,,,,,,,,,,,,,,,,,,,,
coef,1.0206862470034757,1.1685840474777636,1.6344736486694513e-06,,,,,,,,,,,,,,,,,,,,,,,,,,,,,,,,,,,,,,,-0.0467072394811286,,,,,,,,,,,,,,,,,,,,,,,,,,,,,,,,,,,,,,,,,,,,,,,,,,,,,,,,,,,,,
coef,0.8167548980179944,1.1516381660960802,1.4178355666067766e-06,,,,,,,,,,,,,,,,,,,,,,,,,,,,,,,,,,,,,,,,-0.26826606152606103,,,,,,,,,,,,,,,,,,,,,,,,,,,,,,,,,,,,,,,,,,,,,,,,,,,,,,,,,,,,
coef,0.4706580399786271,1.0948024032381312,2.9009038122205414e-06,,,,,,,,,,,,,,,,,,,,,,,,,,,,,,,,,,,,,,,,,0.4551163933953921,,,,,,,,,,,,,,,,,,,,,,,,,,,,,,,,,,,,,,,,,,,,,,,,,,,,,,,,,,,
coef,0.9719577606114137,1.205798397596335,1.7294792550441511e-06,,,,,,,,,,,,,,,,,,,,,,,,,,,,,,,,,,,,,,,,,,0.12346798483386184,,,,,,,,,,,,,,,,,,,,,,,,,,,,,,,,,,,,,,,,,,,,,,,,,,,,,,,,,,
coef,0.997244613534236,1.1512029825785481,1.9039908429790707e-06,,,,,,,,,,,,,,,,,,,,,,,,,,,,,,,,,,,,,,,,,,,-0.030451011877180308,,,,,,,,,,,,,,,,,,,,,,,,,,,,,,,,,,,,,,,,,,,,,,,,,,,,,,,,,
coef,1.0178823216282786,1.2356000792683504,2.023803906189176e-06,,,,,,,,,,,,,,,,,,,,,,,,,,,,,,,,,,,,,,,,,,,,-0.20624727819762143,,,,,,,,,,,,,,,,,,,,,,,,,,,,,,,,,,,,,,,,,,,,,,,,,,,,,,,,
coef,0.9789252018591627,1.211708373919416,1.6892763671245522e-06,,,,,,,,,,,,,,,,,,,,,,,,,,,,,,,,,,,,,,,,,,,,,0.11424326469863272,,,,,,,,,,,,,,,,,,,,,,,,,,,,,,,,,,,,,,,,,,,,,,,,,,,,,,,
coef,0.9807667139977057,1.2109980975738184,1.6893022803116894e-06,,,,,,,,,,,,,,,,,,,,,,,,,,,,,,,,,,,,,,,,,,,,,,0.11232874184435576,,,,,,,,,,,,,,,,,,,,,,,,,,,,,,,,,,,,,,,,,,,,,,,,,,,,,,
coef,0.9862347919708159,1.2082666891683522,1.7089481924728258e-06,,,,,,,,,,,,,,,,,,,,,,,,,,,,,,,,,,,,,,,,,,,,,,,0.10524728812351276,,,,,,,,,,,,,,,,,,,,,,,,,,,,,,,,,,,,,,,,,,,,,,,,,,,,,
coef,0.9861569745818268,1.2122562406450663,1.6682549061953892e-06,,,,,,,,,,,,,,,,,,,,,,,,,,,,,,,,,,,,,,,,,,,,,,,,0.1149587534081558,,,,,,,,,,,,,,,,,,,,,,,,,,,,,,,,,,,,,,,,,,,,,,,,,,,,
coef,0.8685660817175693,1.0518631575289867,1.512213137787616e-06,,,,,,,,,,,,,,,,,,,,,,,,,,,,,,,,,,,,,,,,,,,,,,,,,-0.3690199400148932,,,,,,,,,,,,,,,,,,,,,,,,,,,,,,,,,,,,,,,,,,,,,,,,,,,
coef,0.9176223984022583,1.1337575595281129,1.8497646185476788e-06,,,,,,,,,,,,,,,,,,,,,,,,,,,,,,,,,,,,,,,,,,,,,,,,,,-0.18988055321426475,,,,,,,,,,,,,,,,,,,,,,,,,,,,,,,,,,,,,,,,,,,,,,,,,,
coef,1.010287744355466,1.1818096158592828,1.7525307060408792e-06,,,,,,,,,,,,,,,,,,,,,,,,,,,,,,,,,,,,,,,,,,,,,,,,,,,-0.0900754741166059,,,,,,,,,,,,,,,,,,,,,,,,,,,,,,,,,,,,,,,,,,,,,,,,,
coef,0.9297300565577314,1.1360693179983177,1.8924376684735335e-06,,,,,,,,,,,,,,,,,,,,,,,,,,,,,,,,,,,,,,,,,,,,,,,,,,,,0.13759038767003692,,,,,,,,,,,,,,,,,,,,,,,,,,,,,,,,,,,,,,,,,,,,,,,,
coef,0.23895304643015772,0.9966988318254831,2.573170798469551e-06,,,,,,,,,,,,,,,,,,,,,,,,,,,,,,,,,,,,,,,,,,,,,,,,,,,,,0.6436640183520391,,,,,,,,,,,,,,,,,,,,,,,,,,,,,,,,,,,,,,,,,,,,,,,
coef,0.63835189749085,1.132593493256859,2.6911422043790296e-06,,,,,,,,,,,,,,,,,,,,,,,,,,,,,,,,,,,,,,,,,,,,,,,,,,,,,,0.3516461104430592,,,,,,,,,,,,,,,,,,,,,,,,,,,,,,,,,,,,,,,,,,,,,,
coef,0.8318043984972093,0.8816424760711036,1.7593288651685645e-06,,,,,,,,,,,,,,,,,,,,,,,,,,,,,,,,,,,,,,,,,,,,,,,,,,,,,,,-0.9880272969417738,,,,,,,,,,,,,,,,,,,,,,,,,,,,,,,,,,,,,,,,,,,,,
coef,0.2688629232256555,1.0579406051195888,2.8522495114687486e-06,,,,,,,,,,,,,,,,,,,,,,,,,,,,,,,,,,,,,,,,,,,,,,,,,,,,,,,,0.616939622224576,,,,,,,,,,,,,,,,,,,,,,,,,,,,,,,,,,,,,,,,,,,,
coef,0.8774924141526547,1.0709817273659556,1.5869189295004723e-06,,,,,,,,,,,,,,,,,,,,,,,,,,,,,,,,,,,,,,,,,,,,,,,,,,,,,,,,,-0.3369867151283704,,,,,,,,,,,,,,,,,,,,,,,,,,,,,,,,,,,,,,,,,,,
coef,0.2375346690515408,1.0287084347590498,2.7423260974715162e-06,,,,,,,,,,,,,,,,,,,,,,,,,,,,,,,,,,,,,,,,,,,,,,,,,,,,,,,,,,0.6479461757474251,,,,,,,,,,,,,,,,,,,,,,,,,,,,,,,,,,,,,,,,,,
coef,1.160929851085078,1.0374265878407567,1.0810488958848775e-06,,,,,,,,,,,,,,,,,,,,,,,,,,,,,,,,,,,,,,,,,,,,,,,,,,,,,,,,,,,0.49069190778146804,,,,,,,,,,,,,,,,,,,,,,,,,,,,,,,,,,,,,,,,,
coef,1.1990978942040844,1.0245531316730803,8.852085931125897e-07,,,,,,,,,,,,,,,,,,,,,,,,,,,,,,,,,,,,,,,,,,,,,,,,,,,,,,,,,,,,0.5547057081603327,,,,,,,,,,,,,,,,,,,,,,,,,,,,,,,,,,,,,,,,
coef,0.9999568152760763,1.21282397561992,2.012666835468745e-06,,,,,,,,,,,,,,,,,,,,,,,,,,,,,,,,,,,,,,,,,,,,,,,,,,,,,,,,,,,,,-0.2076135141722944,,,,,,,,,,,,,,,,,,,,,,,,,,,,,,,,,,,,,,,
coef,0.2321532139537553,0.9590262480596551,2.411676338683621e-06,,,,,,,,,,,,,,,,,,,,,,,,,,,,,,,,,,,,,,,,,,,,,,,,,,,,,,,,,,,,,,0.6466799819689595,,,,,,,,,,,,,,,,,,,,,,,,,,,,,,,,,,,,,,
coef,0.8696296325166349,1.0866025532966814,1.7966508625014208e-06,,,,,,,,,,,,,,,,,,,,,,,,,,,,,,,,,,,,,,,,,,,,,,,,,,,,,,,,,,,,,,,0.2848706109479139,,,,,,,,,,,,,,,,,,,,,,,,,,,,,,,,,,,,,
coef,0.878217707469149,1.2051544691077145,2.055315980891767e-06,,,,,,,,,,,,,,,,,,,,,,,,,,,,,,,,,,,,,,,,,,,,,,,,,,,,,,,,,,,,,,,,-0.2370789721533914,,,,,,,,,,,,,,,,,,,,,,,,,,,,,,,,,,,,
coef,0.8090192944711581,1.2375217541894201,2.121205746978246e-06,,,,,,,,,,,,,,,,,,,,,,,,,,,,,,,,,,,,,,,,,,,,,,,,,,,,,,,,,,,,,,,,,0.2966422118638661,,,,,,,,,,,,,,,,,,,,,,,,,,,,,,,,,,,
coef,1.0963781971631732,1.0554525539797923,1.2772556820314946e-06,,,,,,,,,,,,,,,,,,,,,,,,,,,,,,,,,,,,,,,,,,,,,,,,,,,,,,,,,,,,,,,,,,0.41934164888780623,,,,,,,,,,,,,,,,,,,,,,,,,,,,,,,,,,
coef,0.7277280587178659,1.0737886688622507,2.087012992533645e-06,,,,,,,,,,,,,,,,,,,,,,,,,,,,,,,,,,,,,,,,,,,,,,,,,,,,,,,,,,,,,,,,,,,-0.4005572250511178,,,,,,,,,,,,,,,,,,,,,,,,,,,,,,,,,
coef,1.11396086127112,1.1956276088036357,1.6173834574682417e-06,,,,,,,,,,,,,,,,,,,,,,,,,,,,,,,,,,,,,,,,,,,,,,,,,,,,,,,,,,,,,,,,,,,,0.22926194974744654,,,,,,,,,,,,,,,,,,,,,,,,,,,,,,,,
coef,0.9590040139530698,1.1285761957634013,1.7529091296583968e-06,,,,,,,,,,,,,,,,,,,,,,,,,,,,,,,,,,,,,,,,,,,,,,,,,,,,,,,,,,,,,,,,,,,,,0.1741722565566636,,,,,,,,,,,,,,,,,,,,,,,,,,,,,,,
coef,1.1470792417600646,1.185870690994073,1.4313125918222075e-06,,,,,,,,,,,,,,,,,,,,,,,,,,,,,,,,,,,,,,,,,,,,,,,,,,,,,,,,,,,,,,,,,,,,,,0.2726112135574623,,,,,,,,,,,,,,,,,,,,,,,,,,,,,,
coef,0.8964740548116638,1.203754697187004,2.0191668971574784e-06,,,,,,,,,,,,,,,,,,,,,,,,,,,,,,,,,,,,,,,,,,,,,,,,,,,,,,,,,,,,,,,,,,,,,,,-0.2310533691951752,,,,,,,,,,,,,,,,,,,,,,,,,,,,,
coef,0.9800727382917507,1.1140753065976388,1.613072375463513e-06,,,,,,,,,,,,,,,,,,,,,,,,,,,,,,,,,,,,,,,,,,,,,,,,,,,,,,,,,,,,,,,,,,,,,,,,0.2120123633121156,,,,,,,,,,,,,,,,,,,,,,,,,,,,
coef,1.0000034116067478,1.2101831951438649,1.5513068512548553e-06,,,,,,,,,,,,,,,,,,,,,,,,,,,,,,,,,,,,,,,,,,,,,,,,,,,,,,,,,,,,,,,,,,,,,,,,,0.15600513546664055,,,,,,,,,,,,,,,,,,,,,,,,,,,
coef,1.0000034116346919,1.2101831952668978,1.551306850855889e-06,,,,,,,,,,,,,,,,,,,,,,,,,,,,,,,,,,,,,,,,,,,,,,,,,,,,,,,,,,,,,,,,,,,,,,,,,,0.15600513567406404,,,,,,,,,,,,,,,,,,,,,,,,,,
coef,0.9781535354187274,1.1896222437836577,1.9928070208148464e-06,,,,,,,,,,,,,,,,,,,,,,,,,,,,,,,,,,,,,,,,,,,,,,,,,,,,,,,,,,,,,,,,,,,,,,,,,,,-0.20240978226185447,,,,,,,,,,,,,,,,,,,,,,,,,
coef,1.0400634195504852,1.2316706849636527,1.6241338376689086e-06,,,,,,,,,,,,,,,,,,,,,,,,,,,,,,,,,,,,,,,,,,,,,,,,,,,,,,,,,,,,,,,,,,,,,,,,,,,,0.18060197380959359,,,,,,,,,,,,,,,,,,,,,,,,
coef,0.9959083774887173,1.1129521342885915,1.4328660232783913e-06,,,,,,,,,,,,,,,,,,,,,,,,,,,,,,,,,,,,,,,,,,,,,,,,,,,,,,,,,,,,,,,,,,,,,,,,,,,,,0.2614864351924788,,,,,,,,,,,,,,,,,,,,,,,
coef,1.0035802658090252,1.080954880046393,1.4995222690003335e-06,,,,,,,,,,,,,,,,,,,,,,,,,,,,,,,,,,,,,,,,,,,,,,,,,,,,,,,,,,,,,,,,,,,,,,,,,,,,,,0.3365331206846937,,,,,,,,,,,,,,,,,,,,,,
coef,0.8038050373691346,1.071880653043537,2.524587896206004e-06,,,,,,,,,,,,,,,,,,,,,,,,,,,,,,,,,,,,,,,,,,,,,,,,,,,,,,,,,,,,,,,,,,,,,,,,,,,,,,,0.20591326339892335,,,,,,,,,,,,,,,,,,,,,
coef,1.0310546304273676,1.233648519201371,1.9105964119297506e-06,,,,,,,,,,,,,,,,,,,,,,,,,,,,,,,,,,,,,,,,,,,,,,,,,,,,,,,,,,,,,,,,,,,,,,,,,,,,,,,,0.22820923993373243,,,,,,,,,,,,,,,,,,,,
coef,0.4094287973885468,1.0198420156274197,6.928465019356774e-07,,,,,,,,,,,,,,,,,,,,,,,,,,,,,,,,,,,,,,,,,,,,,,,,,,,,,,,,,,,,,,,,,,,,,,,,,,,,,,,,,-1.6024464882495326,,,,,,,,,,,,,,,,,,,
coef,0.9405021385279595,1.1327753652566201,1.803931517419857e-06,,,,,,,,,,,,,,,,,,,,,,,,,,,,,,,,,,,,,,,,,,,,,,,,,,,,,,,,,,,,,,,,,,,,,,,,,,,,,,,,,,0.1355988269345781,,,,,,,,,,,,,,,,,,
coef,0.2107179071984041,0.9250130277298729,2.2190929357763167e-06,,,,,,,,,,,,,,,,,,,,,,,,,,,,,,,,,,,,,,,,,,,,,,,,,,,,,,,,,,,,,,,,,,,,,,,,,,,,,,,,,,,0.6974282194974541,,,,,,,,,,,,,,,,,
coef,0.879571127203333,1.1897876636239888,1.8428131329690812e-06,,,,,,,,,,,,,,,,,,,,,,,,,,,,,,,,,,,,,,,,,,,,,,,,,,,,,,,,,,,,,,,,,,,,,,,,,,,,,,,,,,,,0.23083422165525752,,,,,,,,,,,,,,,,
coef,1.0332660842180723,1.168184823875891,1.3593121402602895e-06,,,,,,,,,,,,,,,,,,,,,,,,,,,,,,,,,,,,,,,,,,,,,,,,,,,,,,,,,,,,,,,,,,,,,,,,,,,,,,,,,,,,,0.22027139685900982,,,,,,,,,,,,,,,
coef,0.9450005749270828,1.1097194432549582,1.7207995650935234e-06,,,,,,,,,,,,,,,,,,,,,,,,,,,,,,,,,,,,,,,,,,,,,,,,,,,,,,,,,,,,,,,,,,,,,,,,,,,,,,,,,,,,,,0.21194284539991878,,,,,,,,,,,,,,
coef,0.7519009130115192,1.2194395196685281,2.355861484175951e-06,,,,,,,,,,,,,,,,,,,,,,,,,,,,,,,,,,,,,,,,,,,,,,,,,,,,,,,,,,,,,,,,,,,,,,,,,,,,,,,,,,,,,,,0.3468779305240039,,,,,,,,,,,,,
coef,0.9797647499839642,1.187450751058435,2.272863165714294e-06,,,,,,,,,,,,,,,,,,,,,,,,,,,,,,,,,,,,,,,,,,,,,,,,,,,,,,,,,,,,,,,,,,,,,,,,,,,,,,,,,,,,,,,,0.2690260866725235,,,,,,,,,,,,
coef,0.99060099850736,1.1847764457312466,1.7591985050013586e-06,,,,,,,,,,,,,,,,,,,,,,,,,,,,,,,,,,,,,,,,,,,,,,,,,,,,,,,,,,,,,,,,,,,,,,,,,,,,,,,,,,,,,,,,,0.22557209659780622,,,,,,,,,,,
coef,0.8747888086210378,1.077262256042935,1.4674815977091845e-06,,,,,,,,,,,,,,,,,,,,,,,,,,,,,,,,,,,,,,,,,,,,,,,,,,,,,,,,,,,,,,,,,,,,,,,,,,,,,,,,,,,,,,,,,,0.28195095522262503,,,,,,,,,,
coef,1.0092258567961576,0.981923896842517,9.588285033638271e-07,,,,,,,,,,,,,,,,,,,,,,,,,,,,,,,,,,,,,,,,,,,,,,,,,,,,,,,,,,,,,,,,,,,,,,,,,,,,,,,,,,,,,,,,,,,-0.5374123253969298,,,,,,,,,
coef,0.7662287466115659,0.9368382412212535,2.566353994376743e-07,,,,,,,,,,,,,,,,,,,,,,,,,,,,,,,,,,,,,,,,,,,,,,,,,,,,,,,,,,,,,,,,,,,,,,,,,,,,,,,,,,,,,,,,,,,,0.6077199053930382,,,,,,,,
coef,0.8779739730793227,1.133397365048921,1.559134359432903e-06,,,,,,,,,,,,,,,,,,,,,,,,,,,,,,,,,,,,,,,,,,,,,,,,,,,,,,,,,,,,,,,,,,,,,,,,,,,,,,,,,,,,,,,,,,,,,0.2816371730988377,,,,,,,
coef,0.8779739730730522,1.1333973650795588,1.5591343592689171e-06,,,,,,,,,,,,,,,,,,,,,,,,,,,,,,,,,,,,,,,,,,,,,,,,,,,,,,,,,,,,,,,,,,,,,,,,,,,,,,,,,,,,,,,,,,,,,,0.28163717313568487,,,,,,
coef,1.0441111607383646,1.163993400887629,1.917088585574674e-06,,,,,,,,,,,,,,,,,,,,,,,,,,,,,,,,,,,,,,,,,,,,,,,,,,,,,,,,,,,,,,,,,,,,,,,,,,,,,,,,,,,,,,,,,,,,,,,0.2971916239989395,,,,,
coef,1.0241602719658645,1.1398351017655226,1.3518463823254479e-06,,,,,,,,,,,,,,,,,,,,,,,,,,,,,,,,,,,,,,,,,,,,,,,,,,,,,,,,,,,,,,,,,,,,,,,,,,,,,,,,,,,,,,,,,,,,,,,,0.2867329045489935,,,,
coef,0.9600830125930726,1.1278719693113952,1.3552119440258856e-06,,,,,,,,,,,,,,,,,,,,,,,,,,,,,,,,,,,,,,,,,,,,,,,,,,,,,,,,,,,,,,,,,,,,,,,,,,,,,,,,,,,,,,,,,,,,,,,,,-0.31370710640362304,,,
coef,1.203792887413596,1.106355816763536,1.1484668881130567e-06,,,,,,,,,,,,,,,,,,,,,,,,,,,,,,,,,,,,,,,,,,,,,,,,,,,,,,,,,,,,,,,,,,,,,,,,,,,,,,,,,,,,,,,,,,,,,,,,,,-0.4264074376116923,,
coef,1.105601562910087,1.1028704340571454,1.3244602561359664e-06,,,,,,,,,,,,,,,,,,,,,,,,,,,,,,,,,,,,,,,,,,,,,,,,,,,,,,,,,,,,,,,,,,,,,,,,,,,,,,,,,,,,,,,,,,,,,,,,,,,0.405306384722533,
coef,1.1056015628910694,1.102870434050825,1.3244602560653463e-06,,,,,,,,,,,,,,,,,,,,,,,,,,,,,,,,,,,,,,,,,,,,,,,,,,,,,,,,,,,,,,,,,,,,,,,,,,,,,,,,,,,,,,,,,,,,,,,,,,,,0.40530638480560344
