,cohort,figo2018,shape_VoxelVolume,glrlm_LongRunHighGrayLevelEmphasis,wavelet.wavelet.LHH_ngtdm_Strength,wavelet.wavelet.LLH_glcm_Idmn,log.sigma.2.0.mm.3D_glcm_JointAverage,wavelet.wavelet.LLL_firstorder_10Percentile,log.sigma.3.0.mm.3D_firstorder_10Percentile,log.sigma.5.0.mm.3D_glcm_MaximumProbability,log.sigma.3.0.mm.3D_gldm_SmallDependenceLowGrayLevelEmphasis,glcm_JointEntropy,wavelet.wavelet.HHH_ngtdm_Coarseness,log.sigma.2.0.mm.3D_firstorder_Minimum,log.sigma.0.5.mm.3D_firstorder_Median,log.sigma.1.5.mm.3D_glcm_Idn,wavelet.wavelet.HLL_gldm_DependenceEntropy,log.sigma.4.5.mm.3D_glrlm_LongRunLowGrayLevelEmphasis,log.sigma.3.0.mm.3D_glszm_GrayLevelNonUniformityNormalized,wavelet.wavelet.HLL_glszm_SmallAreaLowGrayLevelEmphasis,log.sigma.1.5.mm.3D_gldm_SmallDependenceLowGrayLevelEmphasis,wavelet.wavelet.LLH_glcm_Imc2,log.sigma.3.5.mm.3D_glrlm_ShortRunLowGrayLevelEmphasis,log.sigma.3.5.mm.3D_glcm_Correlation,log.sigma.2.0.mm.3D_glcm_Idmn,wavelet.wavelet.LLL_firstorder_Range,log.sigma.3.5.mm.3D_gldm_LowGrayLevelEmphasis,log.sigma.3.5.mm.3D_glrlm_LowGrayLevelRunEmphasis,wavelet.wavelet.LLH_ngtdm_Strength,wavelet.wavelet.LHL_ngtdm_Strength,log.sigma.3.5.mm.3D_firstorder_10Percentile,log.sigma.2.0.mm.3D_glszm_SmallAreaEmphasis,wavelet.wavelet.LLL_glcm_Correlation,wavelet.wavelet.LLL_glcm_JointAverage,wavelet.wavelet.LLL_glcm_SumAverage,wavelet.wavelet.HLL_glcm_Idmn,glszm_HighGrayLevelZoneEmphasis,log.sigma.3.5.mm.3D_glszm_LargeAreaLowGrayLevelEmphasis,log.sigma.2.5.mm.3D_gldm_SmallDependenceLowGrayLevelEmphasis,wavelet.wavelet.LLH_ngtdm_Contrast,log.sigma.3.0.mm.3D_glrlm_ShortRunLowGrayLevelEmphasis,firstorder_Entropy,wavelet.wavelet.HHH_gldm_SmallDependenceLowGrayLevelEmphasis,log.sigma.3.0.mm.3D_glrlm_LowGrayLevelRunEmphasis,log.sigma.3.0.mm.3D_gldm_LowGrayLevelEmphasis,wavelet.wavelet.HHH_ngtdm_Strength,wavelet.wavelet.HLL_firstorder_Mean,log.sigma.2.0.mm.3D_gldm_DependenceEntropy,log.sigma.5.0.mm.3D_glcm_Imc2,gldm_SmallDependenceHighGrayLevelEmphasis,wavelet.wavelet.LLL_firstorder_Minimum,log.sigma.3.0.mm.3D_firstorder_Minimum,log.sigma.1.5.mm.3D_gldm_DependenceEntropy,glszm_SmallAreaHighGrayLevelEmphasis,wavelet.wavelet.LLL_firstorder_Skewness,log.sigma.4.0.mm.3D_firstorder_10Percentile,glrlm_HighGrayLevelRunEmphasis,gldm_HighGrayLevelEmphasis,glrlm_ShortRunHighGrayLevelEmphasis,glcm_Autocorrelation,log.sigma.2.5.mm.3D_glrlm_ShortRunLowGrayLevelEmphasis,log.sigma.3.0.mm.3D_gldm_LargeDependenceLowGrayLevelEmphasis,wavelet.wavelet.LLH_firstorder_Median,log.sigma.3.5.mm.3D_glcm_Imc2,log.sigma.4.0.mm.3D_gldm_DependenceEntropy,log.sigma.1.0.mm.3D_gldm_DependenceEntropy,wavelet.wavelet.HLL_gldm_SmallDependenceLowGrayLevelEmphasis,log.sigma.3.0.mm.3D_gldm_DependenceEntropy,log.sigma.2.5.mm.3D_glrlm_LowGrayLevelRunEmphasis,log.sigma.3.5.mm.3D_gldm_DependenceEntropy,log.sigma.4.5.mm.3D_glcm_Correlation,log.sigma.5.0.mm.3D_glcm_Correlation,log.sigma.4.5.mm.3D_firstorder_10Percentile,log.sigma.4.5.mm.3D_gldm_DependenceEntropy,log.sigma.3.0.mm.3D_glcm_Correlation,glrlm_GrayLevelNonUniformityNormalized,glcm_SumEntropy,log.sigma.4.0.mm.3D_glcm_Correlation,log.sigma.2.5.mm.3D_glszm_GrayLevelNonUniformityNormalized,log.sigma.1.5.mm.3D_ngtdm_Complexity,log.sigma.4.0.mm.3D_glcm_Imc2,log.sigma.1.0.mm.3D_firstorder_Range,firstorder_Uniformity,log.sigma.4.5.mm.3D_glcm_Imc2,glcm_JointAverage,glcm_SumAverage,log.sigma.5.0.mm.3D_firstorder_10Percentile,ngtdm_Complexity,log.sigma.0.5.mm.3D_glszm_ZoneEntropy,log.sigma.1.0.mm.3D_firstorder_Maximum,log.sigma.5.0.mm.3D_gldm_DependenceEntropy,log.sigma.2.5.mm.3D_glrlm_ShortRunHighGrayLevelEmphasis,firstorder_Range,firstorder_Maximum,wavelet.wavelet.LLL_glcm_JointEntropy,log.sigma.0.5.mm.3D_gldm_DependenceEntropy,log.sigma.2.0.mm.3D_ngtdm_Complexity,log.sigma.2.0.mm.3D_firstorder_Range,log.sigma.2.5.mm.3D_glcm_SumAverage,log.sigma.2.5.mm.3D_glcm_JointAverage,log.sigma.1.5.mm.3D_firstorder_Range,log.sigma.2.5.mm.3D_firstorder_Minimum,log.sigma.2.0.mm.3D_glcm_SumAverage
coef,0.22476725365811695,1.170021314304447,3.412902170318326e-08,0.2518947909980897,-1.8110340083221599,,,,,,,,,,,,,,,,,,,,,,,,,,,,,,,,,,,,,,,,,,,,,,,,,,,,,,,,,,,,,,,,,,,,,,,,,,,,,,,,,,,,,,,,,,,,,,,,,,
coef,1.0702563609049298,0.9032023922298773,7.124476889960432e-07,,,0.3161638969540204,0.3497632333417169,,,,,,,,,,,,,,,,,,,,,,,,,,,,,,,,,,,,,,,,,,,,,,,,,,,,,,,,,,,,,,,,,,,,,,,,,,,,,,,,,,,,,,,,,,,,,,,,
coef,1.093346855185691,1.0942140458185368,1.3573839996400683e-06,,,,0.403318501766077,0.012905750768958528,,,,,,,,,,,,,,,,,,,,,,,,,,,,,,,,,,,,,,,,,,,,,,,,,,,,,,,,,,,,,,,,,,,,,,,,,,,,,,,,,,,,,,,,,,,,,,,
coef,1.124316137228838,1.161572622914874,1.4198639340268209e-06,,,,0.3923124128763994,,-0.08838737766900134,,,,,,,,,,,,,,,,,,,,,,,,,,,,,,,,,,,,,,,,,,,,,,,,,,,,,,,,,,,,,,,,,,,,,,,,,,,,,,,,,,,,,,,,,,,,,,
coef,0.8669826406478904,1.1216461345455278,2.3263714008195627e-06,,,,0.3583249791992745,,,-0.23974296378659624,,,,,,,,,,,,,,,,,,,,,,,,,,,,,,,,,,,,,,,,,,,,,,,,,,,,,,,,,,,,,,,,,,,,,,,,,,,,,,,,,,,,,,,,,,,,,
coef,0.9920212579439759,1.0151367049721856,4.874358812410435e-07,,,,,,,,-0.7084786006065166,0.2768639516087994,,,,,,,,,,,,,,,,,,,,,,,,,,,,,,,,,,,,,,,,,,,,,,,,,,,,,,,,,,,,,,,,,,,,,,,,,,,,,,,,,,,,,,,,,,,
coef,0.8825538987631195,0.6880333753083646,-2.0573503366791152e-07,,,,,,,,,,-1.7622357774115662,-0.33212255268516067,,,,,,,,,,,,,,,,,,,,,,,,,,,,,,,,,,,,,,,,,,,,,,,,,,,,,,,,,,,,,,,,,,,,,,,,,,,,,,,,,,,,,,,,,
coef,1.1823355116109013,1.1086734384559673,1.1812504314096119e-06,,,,,,,,,,,-0.4204645024131383,0.025626766224342543,,,,,,,,,,,,,,,,,,,,,,,,,,,,,,,,,,,,,,,,,,,,,,,,,,,,,,,,,,,,,,,,,,,,,,,,,,,,,,,,,,,,,,,,
coef,0.8257950898276479,0.875014417355388,7.16229740793769e-07,,,,,,,,,,,,,0.48596376192649177,0.3045853944971435,,,,,,,,,,,,,,,,,,,,,,,,,,,,,,,,,,,,,,,,,,,,,,,,,,,,,,,,,,,,,,,,,,,,,,,,,,,,,,,,,,,,,,
coef,1.1180518424874046,1.1038958088767679,1.3147903131192997e-06,,,,0.4080791497093964,,,,,,,,,,,0.016035836303567277,,,,,,,,,,,,,,,,,,,,,,,,,,,,,,,,,,,,,,,,,,,,,,,,,,,,,,,,,,,,,,,,,,,,,,,,,,,,,,,,,,,,,
coef,-0.25543813948962424,0.958406681498463,5.967076034744016e-07,,-2.1042504617906763,,,,,,,,,,,,,,-0.6423927189135215,,,,,,,,,,,,,,,,,,,,,,,,,,,,,,,,,,,,,,,,,,,,,,,,,,,,,,,,,,,,,,,,,,,,,,,,,,,,,,,,,,,,
coef,1.1197299353735028,1.0963650180614004,1.2920386948195156e-06,,,,0.39721085639310083,,,,,,,,,,,,,-0.05145572885319172,,,,,,,,,,,,,,,,,,,,,,,,,,,,,,,,,,,,,,,,,,,,,,,,,,,,,,,,,,,,,,,,,,,,,,,,,,,,,,,,,,,
coef,1.0689038884042081,0.8884165081194105,2.838213321532959e-08,,,,,,,,,0.28866562919203165,,,,,,,,,-1.198607649116204,,,,,,,,,,,,,,,,,,,,,,,,,,,,,,,,,,,,,,,,,,,,,,,,,,,,,,,,,,,,,,,,,,,,,,,,,,,,,,,,,,
coef,0.685195458036051,0.7714195885839733,-7.227518158772571e-07,,,,0.4758526964430464,,,,,,,,,,,,,,,-0.7106044445761012,,,,,,,,,,,,,,,,,,,,,,,,,,,,,,,,,,,,,,,,,,,,,,,,,,,,,,,,,,,,,,,,,,,,,,,,,,,,,,,,,
coef,0.8281502313263478,1.0113811702490758,1.2478638018638339e-06,,,,,,,,,,,,,,,,,,,,-0.45708342531482077,0.33176465288473006,,,,,,,,,,,,,,,,,,,,,,,,,,,,,,,,,,,,,,,,,,,,,,,,,,,,,,,,,,,,,,,,,,,,,,,,,,,,,,,
coef,0.8626047251354011,0.798587148860124,6.335280244967927e-07,,,,,,,,,,,,,,0.28501875910982527,,,,,,,,0.5928621877947398,,,,,,,,,,,,,,,,,,,,,,,,,,,,,,,,,,,,,,,,,,,,,,,,,,,,,,,,,,,,,,,,,,,,,,,,,,,,,,
coef,-0.13269017335755098,1.0645757471273727,-4.389741987992427e-07,,-2.109343014550008,,,,,,,,,,,,,,,,,,,,,0.5056234753179347,,,,,,,,,,,,,,,,,,,,,,,,,,,,,,,,,,,,,,,,,,,,,,,,,,,,,,,,,,,,,,,,,,,,,,,,,,,,,
coef,0.23188432692941532,0.9881661564945556,4.360581599218622e-07,,-1.625593562425795,,,,,,,,,,,,,,,,,,,,,,-0.4364309105303982,,,,,,,,,,,,,,,,,,,,,,,,,,,,,,,,,,,,,,,,,,,,,,,,,,,,,,,,,,,,,,,,,,,,,,,,,,,,
coef,0.22061672381228517,0.9895295374417747,4.1456791956430474e-07,,-1.6206692743045354,,,,,,,,,,,,,,,,,,,,,,,-0.47994615985918765,,,,,,,,,,,,,,,,,,,,,,,,,,,,,,,,,,,,,,,,,,,,,,,,,,,,,,,,,,,,,,,,,,,,,,,,,,,
coef,0.7074448438013854,0.8367545939206877,-4.348384386908737e-07,,,,0.530113570335848,,,,,,,,,,,,,,,,,,,,,,-1.465404174226184,,,,,,,,,,,,,,,,,,,,,,,,,,,,,,,,,,,,,,,,,,,,,,,,,,,,,,,,,,,,,,,,,,,,,,,,,,
coef,1.0255141541966,0.7223344306231599,-1.2335964958100762e-07,,,,0.5181262167077445,,,,,,,,,,,,,,,,,,,,,,,-0.9408329743545629,,,,,,,,,,,,,,,,,,,,,,,,,,,,,,,,,,,,,,,,,,,,,,,,,,,,,,,,,,,,,,,,,,,,,,,,,
coef,1.1220356215733465,1.1764645670893359,1.4651167092336309e-06,,,,0.3866746949244521,,,,,,,,,,,,,,,,,,,,,,,,-0.1289261786164254,,,,,,,,,,,,,,,,,,,,,,,,,,,,,,,,,,,,,,,,,,,,,,,,,,,,,,,,,,,,,,,,,,,,,,,,
coef,0.7002682777332265,1.043668061282066,9.039200903582022e-07,,,,,,,,,,,,,,,,,,,,,,,,,,,,,0.2191684095394595,0.5931836455694395,,,,,,,,,,,,,,,,,,,,,,,,,,,,,,,,,,,,,,,,,,,,,,,,,,,,,,,,,,,,,,,,,,,,,,
coef,0.13834235793982058,1.171842207316947,-2.0542699534684418e-07,,-1.911754751949938,,,,,,,,,,,,,,,,,,,,,,,,,,,,,0.32424991898489286,,,,,,,,,,,,,,,,,,,,,,,,,,,,,,,,,,,,,,,,,,,,,,,,,,,,,,,,,,,,,,,,,,,,,
coef,0.13834235792152721,1.1718422073615862,-2.054269954320805e-07,,-1.9117547520553224,,,,,,,,,,,,,,,,,,,,,,,,,,,,,,0.32424991902997546,,,,,,,,,,,,,,,,,,,,,,,,,,,,,,,,,,,,,,,,,,,,,,,,,,,,,,,,,,,,,,,,,,,,
coef,0.7665446173271024,1.0602220041509323,2.1997001837739867e-06,,,,,,,,,,,,,,0.2777115694875588,,,,,,,,,,,,,,,,,,,0.3938257176929129,,,,,,,,,,,,,,,,,,,,,,,,,,,,,,,,,,,,,,,,,,,,,,,,,,,,,,,,,,,,,,,,,,,
coef,0.22703032128009068,1.2144239984427596,-1.1189475749733125e-08,,-1.9307073928380512,,,,,,,,,,,,,,,,,,,,,,,,,,,,,,,,0.2891385554880286,,,,,,,,,,,,,,,,,,,,,,,,,,,,,,,,,,,,,,,,,,,,,,,,,,,,,,,,,,,,,,,,,,
coef,1.0030614354050784,1.1094618403718344,2.0121227902621724e-06,,,,0.36099029786662107,,,,,,,,,,,,,,,,,,,,,,,,,,,,,,,-0.3018897042229807,,,,,,,,,,,,,,,,,,,,,,,,,,,,,,,,,,,,,,,,,,,,,,,,,,,,,,,,,,,,,,,,,
coef,0.9767633237343527,0.9543409436905274,5.564845142697079e-07,,,,,,,,,0.2639886737108297,,,,,,,,,,,,,,,,,,,,,,,,,,,-0.6986652732764478,,,,,,,,,,,,,,,,,,,,,,,,,,,,,,,,,,,,,,,,,,,,,,,,,,,,,,,,,,,,,,,,
coef,1.003821883324944,0.8263761667847452,3.934296066655693e-07,,,,0.37734792141582224,,,,,,,,,,,,,,,,,,,,,,,,,,,,,,,,,-0.5619553395770633,,,,,,,,,,,,,,,,,,,,,,,,,,,,,,,,,,,,,,,,,,,,,,,,,,,,,,,,,,,,,,,
coef,0.2800723258818148,0.9941413396408848,3.654518823448301e-07,,-1.5781870635810509,,,,,,,,,,,,,,,,,,,,,,,,,,,,,,,,,,,,-0.4283320401081563,,,,,,,,,,,,,,,,,,,,,,,,,,,,,,,,,,,,,,,,,,,,,,,,,,,,,,,,,,,,,,
coef,0.9579286637993931,1.0694682851521093,1.1578410312859734e-06,,,,,,,,,,,,,,,,,,,,,,,,,,,,,,,,,,,,,,,0.1344164118417217,-0.5083513680899181,,,,,,,,,,,,,,,,,,,,,,,,,,,,,,,,,,,,,,,,,,,,,,,,,,,,,,,,,,,,
coef,0.23466015687058958,0.998265407636896,3.464535457432722e-07,,-1.6355726558535415,,,,,,,,,,,,,,,,,,,,,,,,,,,,,,,,,,,,,,,-0.4990741465307895,,,,,,,,,,,,,,,,,,,,,,,,,,,,,,,,,,,,,,,,,,,,,,,,,,,,,,,,,,,
coef,0.243544917855741,0.9976517079975792,3.63633943904531e-07,,-1.6394308080401365,,,,,,,,,,,,,,,,,,,,,,,,,,,,,,,,,,,,,,,,-0.4739581089826394,,,,,,,,,,,,,,,,,,,,,,,,,,,,,,,,,,,,,,,,,,,,,,,,,,,,,,,,,,
coef,0.4062716271492864,0.8962898643632974,6.55333915909244e-07,,,,0.4721971479383949,,,,,,,,,,,,,,,,,,,,,,,,,,,,,,,,,,,,,,,-1.4831826590990556,,,,,,,,,,,,,,,,,,,,,,,,,,,,,,,,,,,,,,,,,,,,,,,,,,,,,,,,,
coef,1.1194842106997271,1.128055952255388,1.257068433971221e-06,,,,,,,,,,,-0.42190090131063046,,,,,,,,,,,,,,,,,,,,,,,,,,,,,,,,,0.11982000048792132,,,,,,,,,,,,,,,,,,,,,,,,,,,,,,,,,,,,,,,,,,,,,,,,,,,,,,,,
coef,0.47728738438166607,1.0638383619499943,2.4948335088360133e-06,,,,,,,,,,,,,,,,,,,,,,,,,,,,,,,,,,,,,,,,,,,,,0.4525278420026272,0.17680887898419723,,,,,,,,,,,,,,,,,,,,,,,,,,,,,,,,,,,,,,,,,,,,,,,,,,,,,,
coef,0.7215105215061886,0.8567899980565894,2.4790428863892646e-07,,,,,,,,,,,,,,,,,,,,,,,,,,,,,,0.6211172653726084,,,,,,,,,,,,,,,,,-0.0805788887633168,,,,,,,,,,,,,,,,,,,,,,,,,,,,,,,,,,,,,,,,,,,,,,,,,,,,,
coef,1.1158301059275746,1.1141405826928024,1.242879319336448e-06,,,,0.4033228609608568,,,,,,,,,,,,,,,,,,,,,,,,,,,,,,,,,,,,,,,,,,,,-0.017087105828226118,,,,,,,,,,,,,,,,,,,,,,,,,,,,,,,,,,,,,,,,,,,,,,,,,,,,
coef,0.10750148050833729,0.9628942800500611,3.5637001831870376e-08,,-1.7598885413511263,,,,,,,,,,,,,,,,,,,,,,,,,,,,,,,,,,,,,,,,,,,,,,,-0.3392440829891341,,,,,,,,,,,,,,,,,,,,,,,,,,,,,,,,,,,,,,,,,,,,,,,,,,,
coef,-0.39635623815995874,1.0068798895661364,1.506428932272907e-06,,-2.1770195429216193,,,,,,,,,,,,,,,,,,,,,,,,,,,,,,,,,,,,,,,,,,,,,,,,0.6011127478769924,,,,,,,,,,,,,,,,,,,,,,,,,,,,,,,,,,,,,,,,,,,,,,,,,,
coef,0.2768963813541172,1.2121542963717908,4.2651127980371835e-08,,-1.9577722105693582,,,,,,,,,,,,,,,,,,,,,,,,,,,,,,,,,,,,,,,,,,,,,,,,,0.2876062622140677,,,,,,,,,,,,,,,,,,,,,,,,,,,,,,,,,,,,,,,,,,,,,,,,,
coef,0.7631258644456738,0.9286254842167425,2.2749251022956063e-07,,,,,,,,,,,,,,,,,,,,,,,,,,,,,,0.6108345402802017,,,,,,,,,,,,,,,,,,,,,,0.02717847453348011,,,,,,,,,,,,,,,,,,,,,,,,,,,,,,,,,,,,,,,,,,,,,,,,
coef,1.111800621355839,1.1682090165959267,1.492308756130492e-06,,,,0.38368533417804407,,,,,,,,,,,,,,,,,,,,,,,,,,,,,,,,,,,,,,,,,,,,,,,,,-0.14991161492450555,,,,,,,,,,,,,,,,,,,,,,,,,,,,,,,,,,,,,,,,,,,,,,,
coef,0.33129979062713666,1.2244131219585335,3.5011865156771064e-08,,-1.8644049405372614,,,,,,,,,,,,,,,,,,,,,,,,,,,,,,,,,,,,,,,,,,,,,,,,,,,,0.24068782902982067,,,,,,,,,,,,,,,,,,,,,,,,,,,,,,,,,,,,,,,,,,,,,,
coef,0.3365808645407547,1.223610816628469,3.81740966927097e-08,,-1.859730113428965,,,,,,,,,,,,,,,,,,,,,,,,,,,,,,,,,,,,,,,,,,,,,,,,,,,,,0.2376874707806477,,,,,,,,,,,,,,,,,,,,,,,,,,,,,,,,,,,,,,,,,,,,,
coef,0.34489748856818764,1.22645379645056,6.356686691672191e-08,,-1.866465623267781,,,,,,,,,,,,,,,,,,,,,,,,,,,,,,,,,,,,,,,,,,,,,,,,,,,,,,0.2365488597178929,,,,,,,,,,,,,,,,,,,,,,,,,,,,,,,,,,,,,,,,,,,,
coef,0.3510329594648353,1.220974681740917,1.5085073743562684e-08,,-1.847460565314494,,,,,,,,,,,,,,,,,,,,,,,,,,,,,,,,,,,,,,,,,,,,,,,,,,,,,,,0.23424566416679704,,,,,,,,,,,,,,,,,,,,,,,,,,,,,,,,,,,,,,,,,,,
coef,0.2963508751722486,0.9626255447578989,2.680890783701274e-07,,-1.6047271504487548,,,,,,,,,,,,,,,,,,,,,,,,,,,,,,,,,,,,,,,,,,,,,,,,,,,,,,,,-0.3685661362053879,,,,,,,,,,,,,,,,,,,,,,,,,,,,,,,,,,,,,,,,,,
coef,0.11928893220393394,1.031882959211237,4.201519509891619e-07,,-1.92067111279055,,,,,,,,,,,,,,,,,,,,,,,,,,,,,,,,,,,,,,,,,,,,,,,,,,,,,,,,,-0.4945097365982328,,,,,,,,,,,,,,,,,,,,,,,,,,,,,,,,,,,,,,,,,
coef,1.1142750561060513,1.13486162272305,1.2521839992170174e-06,,,,0.40333589194603514,,,,,,,,,,,,,,,,,,,,,,,,,,,,,,,,,,,,,,,,,,,,,,,,,,,,,,,,-0.08314811677067974,,,,,,,,,,,,,,,,,,,,,,,,,,,,,,,,,,,,,,,,
coef,1.0500571079537218,1.110441516427716,1.3628731625273637e-06,,,,0.3980485366679464,,,,,,,,,,,,,,,,,,,,,,,,,,,,,,,,,,,,,,,,,,,,,,,,,,,,,,,,,0.11923487103625861,,,,,,,,,,,,,,,,,,,,,,,,,,,,,,,,,,,,,,,
coef,0.5643843393362118,1.005691368725547,1.8995718453089642e-06,,,,,,,,,,,-0.2919760801682717,,,,,,,,,,,,,,,,,,,,,,,,,,,,,,,,,,,,,,,,,,,,,,,,,,,0.4846413424444347,,,,,,,,,,,,,,,,,,,,,,,,,,,,,,,,,,,,,,
coef,-0.27728854287764876,1.034555975558975,1.3928942807280024e-06,,-2.192001371066922,,,,,,,,,,,,,,,,,,,,,,,,,,,,,,,,,,,,,,,,,,,,,,,,,,,,,,,,,,,,,0.540084853557892,,,,,,,,,,,,,,,,,,,,,,,,,,,,,,,,,,,,,
coef,0.9109608634573642,1.0126588914354062,1.7334325886511319e-06,,,,,,,,,0.22309959737009105,,,,,,,,,,,,,,,,,,,,,,,,,,,,,,,,,,,,,,,,,,,,,,,,,,,,,,,-0.9911459486011718,,,,,,,,,,,,,,,,,,,,,,,,,,,,,,,,,,,,
coef,0.5971906567711156,1.0479766121014404,2.1062842203290664e-06,,,,,,,,,,,-0.27680290480449277,,,,,,,,,,,,,,,,,,,,,,,,,,,,,,,,,,,,,,,,,,,,,,,,,,,,,,0.4460612760576788,,,,,,,,,,,,,,,,,,,,,,,,,,,,,,,,,,,
coef,0.26719588802511063,0.9715536981947838,2.668136822767561e-07,,-1.6630915955979835,,,,,,,,,,,,,,,,,,,,,,,,,,,,,,,,,,,,,,,,,,,,,,,,,,,,,,,,,,,,,,,,-0.3907280738757613,,,,,,,,,,,,,,,,,,,,,,,,,,,,,,,,,,
coef,0.5574540897207645,1.0277187740642384,2.0392519957709585e-06,,,,,,,,,,,-0.28194249983195935,,,,,,,,,,,,,,,,,,,,,,,,,,,,,,,,,,,,,,,,,,,,,,,,,,,,,,,,0.48512427522723567,,,,,,,,,,,,,,,,,,,,,,,,,,,,,,,,,
coef,1.2839725319853073,1.0614336294769344,5.549680239820941e-07,,,,0.3776641275364679,,,,,,,,,,,,,,,,,,,,,,,,,,,,,,,,,,,,,,,,,,,,,,,,,,,,,,,,,,,,,,,,0.4731470326023665,,,,,,,,,,,,,,,,,,,,,,,,,,,,,,,,
coef,1.3259618317420285,1.046035507774339,3.8542150315508895e-07,,,,0.3693680046857111,,,,,,,,,,,,,,,,,,,,,,,,,,,,,,,,,,,,,,,,,,,,,,,,,,,,,,,,,,,,,,,,,0.5291276698486351,,,,,,,,,,,,,,,,,,,,,,,,,,,,,,,
coef,1.0994428898778636,1.1489602523956324,1.4850126573485081e-06,,,,0.38269803274401787,,,,,,,,,,,,,,,,,,,,,,,,,,,,,,,,,,,,,,,,,,,,,,,,,,,,,,,,,,,,,,,,,,-0.15025192577548427,,,,,,,,,,,,,,,,,,,,,,,,,,,,,,
coef,0.5547043515897137,0.9750211910308056,1.7784981631684274e-06,,,,,,,,,,,-0.2948732748321551,,,,,,,,,,,,,,,,,,,,,,,,,,,,,,,,,,,,,,,,,,,,,,,,,,,,,,,,,,,,0.4948222984931312,,,,,,,,,,,,,,,,,,,,,,,,,,,,,
coef,0.9839210895716719,1.0868078639382495,1.247934927158206e-06,,,,0.3917644987883643,,,,,,,,,,,,,,,,,,,,,,,,,,,,,,,,,,,,,,,,,,,,,,,,,,,,,,,,,,,,,,,,,,,,0.27163082140758077,,,,,,,,,,,,,,,,,,,,,,,,,,,,
coef,0.9456639343345546,1.0661900865097778,1.1454452495895586e-06,,,,,,,,,,,,,,,,,,,,,,,,,,,,,,,,,,,,,,,,-0.503546597464598,,,,,,,,,,,,,,,,,,,,,,,,,,,,,,,,,-0.1758029990294096,,,,,,,,,,,,,,,,,,,,,,,,,,,
coef,-0.008439069431406042,1.181258167232871,5.178495793370785e-07,,-2.1026572532299364,,,,,,,,,,,,,,,,,,,,,,,,,,,,,,,,,,,,,,,,,,,,,,,,,,,,,,,,,,,,,,,,,,,,,,,,0.46823785938247053,,,,,,,,,,,,,,,,,,,,,,,,,,
coef,1.2135053313861273,1.075288526823355,7.395891302094971e-07,,,,0.38343978754685926,,,,,,,,,,,,,,,,,,,,,,,,,,,,,,,,,,,,,,,,,,,,,,,,,,,,,,,,,,,,,,,,,,,,,,,0.40736094589978067,,,,,,,,,,,,,,,,,,,,,,,,,
coef,-0.20054613375209904,0.9505870495318396,6.201742177233277e-07,,-2.2367093636473223,,,,,,,,,,,,,,,,,,,,,,,,,,,,,,,,,,,,,,,,,,,,,,,,,,,,,,,,,,,,,,,,,,,,,,,,,,-0.692736011601722,,,,,,,,,,,,,,,,,,,,,,,,
coef,0.5064027871508576,1.1407800306506402,-1.6900021309734867e-07,,-2.104201467548929,,,,,,,,,,,,,,,,,,,,,,,,,,,,,,,,,,,,,,,,,,,,,,,,,,,,,,,,,,,,,,,,,,,,,,,,,,,0.4093896926718327,,,,,,,,,,,,,,,,,,,,,,,
coef,1.0770196775727117,1.1096992440050888,1.2320123099244862e-06,,,,0.3982833335871791,,,,,,,,,,,,,,,,,,,,,,,,,,,,,,,,,,,,,,,,,,,,,,,,,,,,,,,,,,,,,,,,,,,,,,,,,,0.1619170937830235,,,,,,,,,,,,,,,,,,,,,,
coef,0.4950361006606543,1.113972912500388,-6.655018969611413e-07,,-2.193159868474557,,,,,,,,,,,,,,,,,,,,,,,,,,,,,,,,,,,,,,,,,,,,,,,,,,,,,,,,,,,,,,,,,,,,,,,,,,,,,0.48847103794904656,,,,,,,,,,,,,,,,,,,,,
coef,0.9574923186419362,1.0631736019282982,1.1166967386555993e-06,,,,,,,,,,,,,,,,,,,,,,,,,,,,,,,,,,,,,,,,-0.5052890475856462,,,,,,,,,,,,,,,,,,,,,,,,,,,,,,,,,,,,,,,,-0.17272190936079448,,,,,,,,,,,,,,,,,,,,
coef,1.1008015775352429,1.0987235493002172,1.1022996634070203e-06,,,,0.3973887197773173,,,,,,,,,,,,,,,,,,,,,,,,,,,,,,,,,,,,,,,,,,,,,,,,,,,,,,,,,,,,,,,,,,,,,,,,,,,,,0.19582000942695835,,,,,,,,,,,,,,,,,,,
coef,0.3513854221546325,1.2206402166509354,-2.9161538641120327e-07,,-1.9584355051785092,,,,,,,,,,,,,,,,,,,,,,,,,,,,,,,,,,,,,,,,,,,,,,,,,,,,,,,,,,,,,,,,,,,,,,,,,,,,,,,,0.2993217320119772,,,,,,,,,,,,,,,,,,
coef,0.35138542218032265,1.2206402167902421,-2.9161538673352466e-07,,-1.958435505229305,,,,,,,,,,,,,,,,,,,,,,,,,,,,,,,,,,,,,,,,,,,,,,,,,,,,,,,,,,,,,,,,,,,,,,,,,,,,,,,,,0.29932173215464064,,,,,,,,,,,,,,,,,
coef,1.085803999274417,1.130606058826447,1.4643190011620278e-06,,,,0.3825778408984956,,,,,,,,,,,,,,,,,,,,,,,,,,,,,,,,,,,,,,,,,,,,,,,,,,,,,,,,,,,,,,,,,,,,,,,,,,,,,,,,-0.14096737745084553,,,,,,,,,,,,,,,,
coef,0.39062499881184093,1.228771647742142,-2.053532194936945e-07,,-2.127937253015194,,,,,,,,,,,,,,,,,,,,,,,,,,,,,,,,,,,,,,,,,,,,,,,,,,,,,,,,,,,,,,,,,,,,,,,,,,,,,,,,,,,0.39075513390172706,,,,,,,,,,,,,,,
coef,1.1202281567796657,1.0959387362021584,9.480781813323244e-07,,,,0.39393608288424514,,,,,,,,,,,,,,,,,,,,,,,,,,,,,,,,,,,,,,,,,,0.23584134140983967,,,,,,,,,,,,,,,,,,,,,,,,,,,,,,,,,,,,,,,,,,,,,,,,,,,,,,
coef,1.1154046012211143,1.0861045828162195,9.61240992749568e-07,,,,0.3877961408785233,,,,,,,,,,,,,,,,,0.32607637447244864,,,,,,,,,,,,,,,,,,,,,,,,,,,,,,,,,,,,,,,,,,,,,,,,,,,,,,,,,,,,,,,,,,,,,,,,,,,,,,,
coef,0.0030013133569121585,0.8661767468433619,1.3208504325731553e-06,,-1.9198730953811665,,,,,,,,,,,,,,,,,,,,,,,,,,,,,,,,,,,,,,,,,,,,,,,,,,,,,,,,,,,,,,,,,,,,,,,,,,,,,,,,,,,,0.329786014616571,,,,,,,,,,,,,,
coef,1.0521504232150645,1.0780350669373768,1.036725536999121e-06,,,,,,,,,0.14514277051136165,,,,,,,,,,,,,,,,,,,,,,,,,,,,,,,-0.4989329251563401,,,,,,,,,,,,,,,,,,,,,,,,,,,,,,,,,,,,,,,,,,,,,,,,,,,,,,,,,,,,
coef,0.4516933049587235,0.9183111922705292,-6.639651604980158e-07,,-1.7038879950981498,,,,,,,,,,,,,,,,,,,,,,,,,,,,,,,,,,,,,,-0.5492052393279575,,,,,,,,,,,,,,,,,,,,,,,,,,,,,,,,,,,,,,,,,,,,,,,,,,,,,,,,,,,,
coef,0.15185756940194406,1.039405359259629,1.2692744095952905e-07,,-2.096128881627767,,,,,,,,,,,,,,,,,,,,,,,,,,,,,,,,,,,,,,,,,,,,,,,,,,,,,,,,,,,,,,,,,,,,,,,,,,,,,,,,,,,,,0.3482585450882326,,,,,,,,,,,,,
coef,0.509073278878772,0.9410848716695271,1.664261340349621e-06,,,,,,,,,,,-0.2877258974196377,,,,,,,,,,,,,,,,,,,,,,,,,,,,,,,,,,,,,,,,,,,,,,,,,,,,,,,,,,,,,,,,,,,,,,,,,,,,,0.5504380834446654,,,,,,,,,,,,
coef,0.18892441059835843,0.9981219692086882,5.548966219123931e-07,,-1.8195030117946234,,,,,,,,,,,,,,,,,,,,,,,,,,,,,,,,,,,,,,,,,,,,,,,,,,,,,,,,,,,,,,,,,,,,,,,,,,,,,,,,,,,,,,,0.30684316167558867,,,,,,,,,,,
coef,0.29481900546357587,1.1055802972204865,-1.071608866900288e-06,,-2.3097141600605684,,,,,,,,,,,,,,,,,,,,,,,,,,,,,,,,,,,,,,,,,,,,,,,,,,,,,,,,,,,,,,,,,,,,,,,,,,,,,,,,,,,,,,,,0.5011323421432046,,,,,,,,,,
coef,0.04577468703749791,0.9104848454710966,-4.199812763794707e-07,,-2.3748589637993907,,,,,,,,,,,,,,,,,,,,,,,,,,,,,,,,,,,,,,,,,,,,,,,,,,,,,,,,,,,,,,,,,,,,,,,,,,,,,,,,,,,,,,,,,0.533625587423793,,,,,,,,,
coef,-0.030094209275826136,1.1832090650018767,7.758109562413776e-07,,-2.1298163047488634,,,,,,,,,,,,,,,,,,,,,,,,,,,,,,,,,,,,,,,,,,,,,,,,,,,,,,,,,,,,,,,,,,,,,,,,,,,,,,,,,,,,,,,,,,0.4811120032984299,,,,,,,,
coef,0.2954136497468291,1.109494932801514,9.64737416539906e-07,,-2.0636733607218964,,,,,,,,,,,,,,,,,,,,,,,,,,,,,,,,,,,,,,,,,,,,,,,,,,,,,,,,,,,,,,,,,,,,,,,,,,,,,,,,,,,,,,,,,,,0.42275248326120474,,,,,,,
coef,0.3299500886819023,1.0643032452959178,2.7561478856494665e-07,,-1.9678475578215686,,,,,,,,,,,,,,,,,,,,,,,,,,,,,,,,,,,,,,,,,,,,,,,,,,,,,,,,,,,,,,,,,,,,,,,,,,,,,,,,,,,,,,,,,,,,0.3304031402431907,,,,,,
coef,0.1186725110896802,0.8919361592048554,-3.077060124612116e-07,,-2.0320294894324133,,,,,,,,,,,,,,,,,,,,,,,,,,,,,,,,,,,,,,,,,,,,,,,,,,,,,,,,,,,,,,,,,,,,,,,,,,,,,,,,,,,,,,,,,,,,,0.44370775849702954,,,,,
coef,0.9540338837887361,0.9511104928987523,9.259062368994454e-07,,,,,,,,,,,,,,,,,,,,,,,,,,,,,,,,,,,,,,,,-0.52996994245176,,,,,,,,,,,,,,,,,,,,,,,,,,,,,,,,,,,,,,0.1703514064043124,,,,,,,,,,,,,,,,,,,,,,
coef,0.8229314919626275,1.003379450017728,2.7694906276146773e-07,,,,,,,,,,,,,,,,,,,,,,,,,,,,,,0.5840028472384542,,,,,,,,,,,,,,,,,,,,,,,,,,,,,,,,,,,,,,,,,,,,,,,,,,,,,,,,,,,,,,,,0.18743154293041914,,,,,,
coef,0.18736773887298674,0.940152035686795,1.811191399143264e-07,,-1.8179768725461825,,,,,,,,,,,,,,,,,,,,,,,,,,,,,,,,,,,,,,,,,,,,,,,,,,,,,,,,,,,,,,,,,,,,,,,,,,,,,,,,,,,,,,,,,,,,,,0.3539110761226974,,,,
coef,0.1873677389184935,0.9401520357514623,1.8111913968114204e-07,,-1.8179768724822436,,,,,,,,,,,,,,,,,,,,,,,,,,,,,,,,,,,,,,,,,,,,,,,,,,,,,,,,,,,,,,,,,,,,,,,,,,,,,,,,,,,,,,,,,,,,,,,0.3539110761419494,,,
coef,0.4547756866798223,1.094598443071874,3.3389423110694625e-07,,-1.887276266791765,,,,,,,,,,,,0.3886985734106362,,,,,,,,,,,,,,,,,,,,,,,,,,,,,,,,,,,,,,,,,,,,,,,,,,,,,,,,,,,,,,,,,,,,,,,,,,,,,,,,,,,,,,
coef,0.32280276163840865,1.010622630638874,-7.250109306852563e-07,,-2.1386228302479413,,,,,,,,,,,,,,,,,,,,,,,,,,,,,,,,,,,,,,,,,,,,,,,,,,,,,,,,,,,,,,,,,,,,,,,,,,,,,,,,,,,,,,,,,,,,,,,,0.47902185495774746,,
coef,0.25404721167945526,0.9094860030101679,-7.025931019732409e-08,,-1.8395176346400737,,,,,,,,,,,,,,,,,,,,,,,,,,,,,,,,,,,,,,,,,,,,,,,,,,,,,,,,,,,,,,,,,,,,,,,,,,,,,,,,,,,,,,,,,,,,,,,,,-0.39163519502212363,
coef,0.5086704119043244,0.8524864577901019,-3.87368825260864e-07,,-1.9592931227924706,,,,,,,,,-0.5225884531611504,,,,,,,,,,,,,,,,,,,,,,,,,,,,,,,,,,,,,,,,,,,,,,,,,,,,,,,,,,,,,,,,,,,,,,,,,,,,,,,,,,,,,,,,,
coef,0.42279045390640835,0.8644859893764961,-1.5875306477319247e-07,,-1.9188565780943463,,,,,,,,,,,,,,,,,,,,,,,,,,,,,,,,,,,,,,,,,,,,,,,,,,,,,,,,,,,,,,,,,,,,,,,,,,,,,,,,,,,,,,,,,,,,,,,,,,0.48787874794545116
coef,0.42279045388308223,0.8644859894092611,-1.5875306491881167e-07,,-1.918856578143844,,0.48787874800568937,,,,,,,,,,,,,,,,,,,,,,,,,,,,,,,,,,,,,,,,,,,,,,,,,,,,,,,,,,,,,,,,,,,,,,,,,,,,,,,,,,,,,,,,,,,,,,,,
